-- phpMyAdmin SQL Dump
-- version 4.8.0
-- https://www.phpmyadmin.net/
--
-- Host: 127.0.0.1
-- Generation Time: Jul 06, 2019 at 05:41 PM
-- Server version: 10.1.31-MariaDB
-- PHP Version: 7.2.4

SET SQL_MODE = "NO_AUTO_VALUE_ON_ZERO";
SET AUTOCOMMIT = 0;
START TRANSACTION;
SET time_zone = "+00:00";


/*!40101 SET @OLD_CHARACTER_SET_CLIENT=@@CHARACTER_SET_CLIENT */;
/*!40101 SET @OLD_CHARACTER_SET_RESULTS=@@CHARACTER_SET_RESULTS */;
/*!40101 SET @OLD_COLLATION_CONNECTION=@@COLLATION_CONNECTION */;
/*!40101 SET NAMES utf8mb4 */;

--
-- Database: `timetable_gs`
--

-- --------------------------------------------------------

--
-- Table structure for table `buildings`
--

CREATE TABLE `buildings` (
  `id` int(4) NOT NULL,
  `building_name` varchar(255) DEFAULT NULL,
  `building_char` char(5) DEFAULT NULL
) ENGINE=InnoDB DEFAULT CHARSET=utf8;

--
-- Dumping data for table `buildings`
--

INSERT INTO `buildings` (`id`, `building_name`, `building_char`) VALUES
(1, 'IT', 'I'),
(2, 'Ka', 'K');

-- --------------------------------------------------------

--
-- Table structure for table `courses`
--

CREATE TABLE `courses` (
  `id` int(4) NOT NULL,
  `name` varchar(255) DEFAULT NULL,
  `type` tinyint(4) DEFAULT NULL COMMENT '0 - practical / 1 - theoretical',
  `major_id` int(11) DEFAULT NULL,
  `level_number` int(1) DEFAULT NULL,
  `semester` tinyint(1) DEFAULT NULL,
  `course_number` varchar(255) DEFAULT NULL,
  `credit_hours` int(2) DEFAULT NULL,
  `actual_hours` int(2) DEFAULT NULL,
  `can_devide` tinyint(1) DEFAULT NULL
) ENGINE=InnoDB DEFAULT CHARSET=utf8;

--
-- Dumping data for table `courses`
--

INSERT INTO `courses` (`id`, `name`, `type`, `major_id`, `level_number`, `semester`, `course_number`, `credit_hours`, `actual_hours`, `can_devide`) VALUES
(1, 'برمجة 2', 1, 1, 1, 2, 'CSCI 1309', 3, 3, 1),
(2, 'برمجة 3', 1, 2, 2, 2, 'CSCI 2308', 3, 3, 1),
(3, 'تفاضل وتكامل (أ)', 1, 1, 1, 1, 'MATHA 1301', 3, 2, 1),
(4, 'مقدمة في الحوسبة - عملي', 0, 1, 1, 1, 'CSCI 1103', 1, 2, 0),
(5, 'برمجة (1)', 1, 1, 1, 1, 'CSCI 1304', 3, 3, 1),
(6, 'برمجة (1) - عملي', 0, 1, 1, 1, 'CSCI 1104', 1, 2, 0),
(7, 'مقدمة في الحوسبة', 1, 1, 1, 1, 'CSCI 1303', 3, 3, 1),
(8, 'برمجة (2) - عملي', 0, 1, 1, 2, 'CSCI 1106', 1, 2, 0),
(9, 'رياضيات منفصلة', 1, 1, 1, 2, 'CSCI 2303', 3, 3, 1),
(10, 'تصميم منطقي', 1, 1, 1, 2, 'CSCI 2301', 3, 3, 1),
(11, 'اللغة الإنجليزية (تكنولوجيا المعلومات)', 1, 1, 1, 2, 'ENGL 1307', 3, 3, 1),
(12, 'الرياضيات والحوسبة', 1, 2, 2, 1, 'CSCI 3310', 3, 3, 1),
(13, 'بنية البيانات والخوارزميات', 1, 2, 2, 1, 'CSCI 2309', 3, 3, 1),
(14, 'برمجة ويب (1)', 1, 2, 2, 1, 'SICT 2307', 3, 3, 1),
(15, 'برمجة ويب (1) عملي', 0, 2, 2, 1, 'SICT 2107', 1, 2, 0),
(16, 'هندسة البرمجيات (1)', 1, 2, 2, 1, 'SDEV 2302', 3, 3, 1),
(17, 'بنية البيانات والخوارزميات (عملي)', 0, 2, 2, 1, 'CSCI 2109', 1, 2, 0),
(18, 'نظم إدارة قواعد البيانات (1)', 1, 2, 2, 1, 'SICT 2305', 3, 3, 1),
(19, 'نظم إدارة قواعد البيانات (1) - عملي', 0, 2, 2, 1, 'SICT 2105', 1, 2, 0),
(20, 'برمجة ويب (2)', 1, 2, 2, 2, 'SICT 2308', 3, 3, 1),
(21, 'برمجة ويب (2) عملي', 0, 2, 2, 2, 'SICT 2108', 1, 2, 0),
(22, 'عمارة الكمبيوتر ولغة التجميع', 1, 2, 2, 2, 'CSCI 2310', 3, 3, 1),
(23, 'عمارة الكمبيوتر ولغة التجميع - عملي', 0, 2, 2, 2, 'CSCI 2110', 1, 2, 0),
(24, 'برمجة (3) - عملي', 0, 2, 2, 2, 'CSCI 2108', 1, 2, 0),
(25, 'تحليل وتصميم الخوارزميات', 0, 2, 3, 1, 'CSCI 3314', 3, 3, 1),
(26, 'نظم التشغيل', NULL, NULL, 3, 0, 'CSCI 3306', 3, 3, 1),
(27, 'نظم التشغيل - عملي', NULL, NULL, 3, 0, 'CSCI 3106', 1, 2, 0),
(28, 'مبادئ لغة البرمجة', NULL, NULL, 3, 0, 'CSCI 3303', 3, 3, 1),
(29, 'نظم إدارة قواعد البيانات (2)', NULL, NULL, 3, 0, 'SICT 3308', 3, 3, 1),
(30, 'نظم إدارة قواعد البيانات (2) - عمل', NULL, NULL, 3, 0, 'SICT 3108', 1, 2, 0),
(31, 'هندسة البرمجيات (2)', NULL, NULL, 3, 0, 'SDEV 2304', 3, 3, 1),
(32, 'متطلب اختياري (1)', NULL, NULL, 3, 0, 'OPTI 3301', 3, 3, 1),
(33, 'نظرية الأوتوماتا', NULL, NULL, 3, 0, 'CSCI 3304', 3, 3, 1),
(34, 'شبكات الكمبيوتر', NULL, NULL, 3, 0, 'SICT 3309', 3, 3, 1),
(35, 'شبكات الكمبيوتر - عملي', NULL, NULL, 3, 0, 'SICT 3109', 1, 2, 0),
(36, 'تنقيب البيانات', NULL, NULL, 3, 0, 'SDEV 3304', 3, 3, 1),
(37, 'متطلب اختياري (2)', NULL, NULL, 4, 0, 'OPTI 4302', 3, 3, 1),
(38, 'بحث تخرج', NULL, NULL, 4, 0, 'CSCI 4108', 1, 1, 0),
(39, 'رسومات الحاسب', NULL, NULL, 4, 0, 'CSCI 4302', 3, 3, 1),
(40, 'أنظمة موزعة وسحابية', NULL, NULL, 4, 0, 'SICT 4401', 4, 3, 1),
(41, 'سلامة وأمن المعلومات', NULL, NULL, 4, 0, 'SICT 4309', 3, 3, 1),
(42, 'سلامة وأمن المعلومات (عملي)', NULL, NULL, 4, 0, 'SICT 43090', 0, 2, 0),
(43, '(عملي) رسومات الحاسب', NULL, NULL, 4, 0, 'CSCI 43020', 0, 2, 0),
(44, '(عملي) أنظمة موزعة وسحابية', NULL, NULL, 4, 0, 'SICT 44010', 0, 2, 0),
(45, 'مهارات الاتصال وريادة الأعمال', NULL, NULL, 4, 0, 'CSCI 4328', 3, 3, 1),
(46, 'الذكاء الاصطناعي', NULL, NULL, 4, 0, 'CSCI 4304', 3, 3, 1),
(47, 'الذكاء الاصطناعي (عملي)', NULL, NULL, 4, 0, 'CSCI 43040', 0, 2, 0),
(48, 'مشروع تخرج', NULL, NULL, 4, 0, 'CSCI 4208', 2, 0, 0),
(49, 'أخلاقيات المهنة', NULL, NULL, 4, 0, 'SICT 2202', 2, 2, 1),
(50, 'متطلب اختياري (3)', NULL, NULL, 4, 0, 'OPTI 4303', 3, 3, 1),
(51, 'الوسائط المتعددة', NULL, NULL, 2, 0, 'SICT 2306', 3, 3, 1),
(52, 'الوسائط المتعددة (عملي)', NULL, NULL, 2, 0, 'SICT 2106', 1, 2, 0),
(53, 'إدارة الأعمال والتجارة الإلكترونية', NULL, NULL, 3, 0, 'SICT 4419', 4, 3, 1),
(54, 'إدارة الأعمال والتجارة الإلكترونية (عملي)', NULL, NULL, 3, 0, 'SICT 44190', 0, 2, 0),
(55, 'أنظمة المعلومات', NULL, NULL, 3, 0, 'SICT 3306', 3, 3, 1),
(56, 'حوسبة الهواتف المتنقلة', NULL, NULL, 4, 0, 'SICT 4312', 3, 3, 1),
(57, 'مبادئ هندسة البرمجيات', NULL, NULL, 2, 0, 'SDEV 2301', 3, 3, 1),
(58, 'هندسة المتطلبات', NULL, NULL, 3, 0, 'SDEV 2303', 3, 3, 1),
(59, 'تصميم وعمارة البرمجيات', NULL, NULL, 3, 0, 'SDEV 3306', 3, 3, 1),
(60, 'تصميم وعمارة البرمجيات - عملي', NULL, NULL, 3, 0, 'SDEV 3106', 1, 2, 0),
(61, 'فحص البرمجيات وتأكيد الجودة', NULL, NULL, 4, 0, 'SDEV 3305', 3, 3, 1),
(62, 'إدارة مشاريع البرمجيات', NULL, NULL, 4, 0, 'SDEV 3303', 3, 3, 1),
(63, 'أمن البرمجيات', NULL, NULL, 4, 0, 'SDEV 4303', 3, 3, 1),
(64, 'هندسة البرمجيات لخدمة الويب', NULL, NULL, 4, 0, 'SDEV 4314', 3, 3, 1),
(65, 'هندسة برمجيات متقدمة', NULL, NULL, 4, 0, 'SDEV 4304', 3, 3, 1),
(66, 'رسم هندسي', NULL, NULL, 1, 1, 'WDMM 1204', 2, 2, 1),
(67, 'مقدمة للحاسوب والانترنت', NULL, NULL, 1, 1, 'WDMM 1401', 3, 3, 1),
(68, 'مقدمة للحاسوب والانترنت  - عملي', NULL, NULL, 1, 1, 'WDMM 14010', 1, 2, 0),
(69, 'برمجة الوسائط (1)', NULL, NULL, 1, 1, 'WDMM 1402', 3, 3, 1),
(70, 'برمجة الوسائط (1) - عملي', NULL, NULL, 1, 1, 'WDMM 14020', 1, 2, 0),
(71, 'تكنولوجيا الوسائط المتعددة وتأليفها', NULL, NULL, 1, 1, 'WDMM 1403', 3, 3, 1),
(72, 'تكنولوجيا الوسائط المتعددة وتأليفها - عملي', NULL, NULL, 1, 1, 'WDMM 14030', 1, 2, 0),
(73, 'برمجة الوسائط (2)', NULL, NULL, 1, 2, 'WDMM 1405', 3, 3, 1),
(74, 'برمجة الوسائط (2) - عملي', NULL, NULL, 1, 2, 'WDMM 14050', 1, 2, 0),
(75, 'أساسيات التصميم في الويب', NULL, NULL, 1, 2, 'WDMM 1406', 3, 3, 1),
(76, 'أساسيات التصميم في الويب - علمي', NULL, NULL, 1, 2, 'WDMM 14060', 1, 2, 0),
(77, 'تحرير الصوت والصورة الرقمية', NULL, NULL, 1, 2, 'WDMM 1304', 3, 3, 1),
(78, 'الرسم الحر', NULL, NULL, 1, 2, 'WDMM 1201', 2, 2, 1),
(79, 'تطوير الويب (1)', NULL, NULL, 2, 1, 'WDMM 2401', 3, 3, 1),
(80, 'تطوير الويب (1) - عملي', NULL, NULL, 2, 1, 'WDMM 24010', 1, 2, 0),
(81, 'الرياضيات للوسائط المتعددة', NULL, NULL, 2, 1, 'WDMM 2302', 3, 3, 1),
(82, 'قواعد بيانات الوسائط المتعددة والويب (1)', NULL, NULL, 2, 1, 'WDMM 2406', 3, 3, 1),
(83, 'قواعد بيانات الوسائط المتعددة والويب (1) - عملي', NULL, NULL, 2, 1, 'WDMM 24060', 1, 2, 0),
(84, 'تقنيات إنتاج الوسائط الرقمية', NULL, NULL, 2, 1, 'WDMM 2408', 3, 3, 1),
(85, 'تقنيات إنتاج الوسائط الرقمية - عملي', NULL, NULL, 2, 1, 'WDMM 24080', 1, 2, 0),
(86, 'رسومات الويب', NULL, NULL, 2, 2, 'WDMM 2407', 3, 3, 1),
(87, 'رسومات الويب', NULL, NULL, 2, 2, 'WDMM 24070', 1, 2, 0),
(88, 'تطوير الويب (2)', NULL, NULL, 2, 2, 'WDMM 2403', 3, 3, 1),
(89, 'تطوير الويب (2) - عملي', NULL, NULL, 2, 2, 'WDMM 24030', 1, 2, 0),
(90, 'قواعد بيانات الوسائط المتعددة والويب (2)', NULL, NULL, 2, 2, 'WDMM 2409', 3, 3, 1),
(91, 'قواعد بيانات الوسائط المتعددة والويب (2) - عملي', NULL, NULL, 2, 2, 'WDMM 24090', 1, 2, 0),
(92, 'هندسة الوسائط والويب', NULL, NULL, 2, 2, 'WDMM 2303', 3, 3, 1),
(93, 'الحركات في الحاسوب', NULL, NULL, 3, 1, 'WDMM 3403', 3, 3, 1),
(94, 'الحركات في الحاسوب - عملي', NULL, NULL, 3, 1, 'WDMM 34030', 1, 2, 0),
(95, 'أمن الويب', NULL, NULL, 3, 1, 'WDMM 3410', 3, 3, 1),
(96, 'أمن الويب - ملي', NULL, NULL, 3, 1, 'WDMM 34100', 1, 2, 0),
(97, 'إدارة مشاريع الوسائط المتعددة', NULL, NULL, 3, 1, 'WDMM 3405', 3, 3, 1),
(98, 'إدارة مشاريع الوسائط المتعددة - عملي', NULL, NULL, 3, 1, 'WDMM 34050', 1, 2, 0),
(99, 'تجسيد النماذج ثلاثية الأبعاد', NULL, NULL, 3, 1, 'WDMM 3407', 3, 3, 1),
(100, 'تجسيد النماذج ثلاثية الأبعاد - عملي', NULL, NULL, 3, 1, 'WDMM 34070', 1, 2, 0),
(101, 'تحريك المجسمات ثلاثية الأبعاد', NULL, NULL, 3, 2, 'WDMM 3406', 3, 3, 1),
(102, 'تحريك المجسمات ثلاثية الأبعاد - عملي', NULL, NULL, 3, 2, 'WDMM 34060', 1, 2, 0),
(109, 'برمجة الألعاب الإلكترونية', NULL, NULL, 3, 2, 'WDMM 3308', 3, 3, 1),
(110, 'تطبيقات الهواتف الذكية', NULL, NULL, 4, 1, 'WDMM 4401', 3, 3, 1),
(111, 'تطبيقات الهواتف الذكية - عملي', NULL, NULL, 4, 1, 'WDMM 44010', 1, 2, 0),
(112, 'مشروع التخرج', NULL, NULL, 4, 2, 'WDMM 4207', 2, 0, 0),
(113, 'تجربة المستخدم للأجهزة الذكية', NULL, NULL, 1, 2, 'MOBC 1301', 3, 3, 1),
(114, 'برمجة تطبيقات الأجهزة الذكية (1)', NULL, NULL, 2, 1, 'MOBC 2301', 3, 3, 1),
(115, 'برمجة تطبيقات الأجهزة الذكية (1) - عملي', NULL, NULL, 2, 1, 'MOBC 2101', 1, 2, 0),
(116, 'تطوير الويب للأجهزة الذكية', NULL, NULL, 2, 2, 'MOBC 2302', 3, 3, 1),
(117, 'تطوير الويب للأجهزة الذكية - عملي', NULL, NULL, 2, 2, 'MOBC 2102', 1, 2, 0),
(118, 'برمجة تطبيقات الأجهزة الذكية (2)', NULL, NULL, 2, 2, 'MOBC 2303', 3, 3, 1),
(119, 'برمجة تطبيقات الأجهزة الذكية (2) - عملي', NULL, NULL, 2, 2, 'MOBC 2103', 1, 2, 0),
(120, 'قواعد بيانات الأجهزة الذكية والويب', NULL, NULL, 2, 2, 'MOBC 2304', 3, 3, 1),
(121, 'قواعد بيانات الأجهزة الذكية والويب - عملي', NULL, NULL, 2, 2, 'MOBC 2104', 1, 2, 0),
(122, 'أنماط التصميم لتطبيقات الأجهزة الذكية', NULL, NULL, 2, 2, 'MOBC 2305', 3, 3, 1),
(123, 'برمجة تطبيقات الأجهزة الذكية (3)', NULL, NULL, 3, 1, 'MOBC 3301', 3, 3, 1),
(124, 'برمجة تطبيقات الأجهزة الذكية (3) -عملي', NULL, NULL, 3, 1, 'MOBC 3101', 1, 2, 0),
(125, 'الحوسبة المنتشرة', NULL, NULL, 3, 1, 'MOBC 3302', 3, 3, 1),
(126, 'الحوسبة المنتشرة - عملي', NULL, NULL, 3, 1, 'MOBC 3102', 1, 2, 0),
(127, 'التطبيقات الشبكية للأجهزة الذكية', NULL, NULL, 3, 1, 'MOBC 3303', 3, 3, 1),
(128, 'التطبيقات الشبكية للأجهزة الذكية - عملي', NULL, NULL, 3, 1, 'MOBC 3103', 1, 2, 0),
(129, 'الحوسبة السحابية وتطبيقاتها', NULL, NULL, 3, 2, 'MOBC 3304', 3, 3, 1),
(130, 'الحوسبة السحابية وتطبيقاتها - عملي', NULL, NULL, 3, 2, 'MOBC 3104', 1, 2, 0),
(131, 'تطبيقات الوسائط المتعددة للأجهزة الذكية', NULL, NULL, 3, 2, 'MOBC 3305', 3, 3, 1),
(132, 'تطبيقات الوسائط المتعددة للأجهزة الذكية - عملي', NULL, NULL, 3, 2, 'MOBC 3105', 1, 2, 0),
(133, 'تدريب ميداني', NULL, NULL, 3, 2, 'MOBC 3006', 2, 0, 0),
(134, 'فحص برمجيات الأجهزة الذكية', NULL, NULL, 4, 1, 'MOBC 4301', 3, 3, 1),
(135, 'فحص برمجيات الأجهزة الذكية - عملي', NULL, NULL, 4, 1, 'MOBC 4101', 1, 2, 0),
(136, 'العمل الحر والتربح من الانترنت', NULL, NULL, 4, 1, 'MOBC 4302', 3, 3, 1),
(137, 'العمل الحر والتربح من الانترنت - عملي', NULL, NULL, 4, 1, 'MOBC 4102', 1, 2, 0),
(138, 'برمجة الألعاب للأجهزة الذكية', NULL, NULL, 4, 2, 'MOBC 4303', 3, 3, 1),
(139, 'برمجة الألعاب للأجهزة الذكية - عملي', NULL, NULL, 4, 2, 'MOBC 4103', 1, 2, 0),
(140, 'مشروع التخرج', NULL, NULL, 4, 2, 'MOBC 4204', 2, 0, 0);

-- --------------------------------------------------------

--
-- Table structure for table `courses_majors`
--

CREATE TABLE `courses_majors` (
  `id` int(11) NOT NULL,
  `course_id` int(11) DEFAULT NULL,
  `major_id` int(11) DEFAULT NULL
) ENGINE=InnoDB DEFAULT CHARSET=utf8;

--
-- Dumping data for table `courses_majors`
--

INSERT INTO `courses_majors` (`id`, `course_id`, `major_id`) VALUES
(3, 2, 3),
(4, 2, 4),
(13, 14, 3),
(14, 14, 4),
(16, 15, 3),
(17, 15, 4),
(19, 13, 3),
(20, 13, 4),
(22, 17, 3),
(23, 17, 4),
(25, 12, 3),
(26, 12, 4),
(30, 18, 3),
(31, 18, 4),
(33, 19, 3),
(34, 19, 4);

-- --------------------------------------------------------

--
-- Table structure for table `days`
--

CREATE TABLE `days` (
  `id` int(11) NOT NULL,
  `name` varchar(255) NOT NULL,
  `weekend` tinyint(1) DEFAULT NULL
) ENGINE=InnoDB DEFAULT CHARSET=utf8;

--
-- Dumping data for table `days`
--

INSERT INTO `days` (`id`, `name`, `weekend`) VALUES
(1, 'السبت', 0),
(2, 'الأحد', 0),
(3, 'الإثنين', 0),
(4, 'الثلاثاء', 0),
(5, 'الأربعاء', 0),
(6, 'الخميس', 1),
(7, 'الجمعة', 1),
(8, 'non', NULL);

-- --------------------------------------------------------

--
-- Table structure for table `final_table`
--

CREATE TABLE `final_table` (
  `id` int(4) NOT NULL,
  `section_id` int(4) DEFAULT NULL,
  `room_id` int(4) DEFAULT NULL,
  `timeslots_day_id` int(4) DEFAULT NULL,
  `start` float DEFAULT NULL,
  `end` float DEFAULT NULL,
  `major_id` int(11) DEFAULT NULL,
  `level_number` int(11) DEFAULT NULL,
  `semester` int(11) DEFAULT NULL
) ENGINE=InnoDB DEFAULT CHARSET=utf8;

--
-- Dumping data for table `final_table`
--

INSERT INTO `final_table` (`id`, `section_id`, `room_id`, `timeslots_day_id`, `start`, `end`, `major_id`, `level_number`, `semester`) VALUES
(1, 39, NULL, 1, 14, 15, 2, 2, 1),
(2, 21, NULL, 2, 8, 9.5, 2, 2, 1),
(3, 41, NULL, 1, 12, 13, 2, 2, 1),
(4, 37, NULL, 2, 13.5, 15, 2, 2, 1),
(5, 29, NULL, 1, 15, 16, 2, 2, 1),
(6, 51, NULL, 7, 14, 16, 2, 2, 1),
(7, 52, NULL, 10, 14, 16, 2, 2, 1),
(8, 32, NULL, 9, 10, 12, 2, 2, 1),
(9, 31, NULL, 17, 0, 0, 0, 0, 0),
(10, 44, NULL, 17, 0, 0, 0, 0, 0),
(11, 53, NULL, 17, 0, 0, 0, 0, 0),
(12, 54, NULL, 17, 0, 0, 0, 0, 0),
(13, 43, NULL, 17, 0, 0, 0, 0, 0),
(14, 24, NULL, 17, 0, 0, 0, 0, 0),
(15, 23, NULL, 17, 0, 0, 0, 0, 0),
(16, 50, NULL, 17, 0, 0, 0, 0, 0),
(17, 49, NULL, 17, 0, 0, 0, 0, 0),
(18, 40, NULL, 1, 9, 10, 2, 2, 1),
(19, 22, NULL, 1, 15, 16, 2, 2, 1),
(20, 42, NULL, 1, 13, 14, 2, 2, 1),
(21, 38, NULL, 2, 9.5, 11, 2, 2, 1),
(22, 30, NULL, 2, 12.5, 14, 2, 2, 1),
(23, 36, NULL, 9, 14, 16, 2, 2, 1),
(24, 35, NULL, 7, 14, 16, 2, 2, 1),
(25, 47, NULL, 17, 0, 0, 0, 0, 0),
(26, 48, NULL, 17, 0, 0, 0, 0, 0),
(27, 28, NULL, 17, 0, 0, 0, 0, 0),
(28, 27, NULL, 17, 0, 0, 0, 0, 0),
(29, 21, NULL, 2, 8, 9.5, 3, 2, 1),
(30, 21, NULL, 2, 8, 9.5, 4, 2, 1),
(31, 22, NULL, 1, 15, 16, 3, 2, 1),
(32, 22, NULL, 1, 15, 16, 4, 2, 1),
(33, 41, NULL, 1, 12, 13, 3, 2, 1),
(34, 41, NULL, 1, 12, 13, 4, 2, 1),
(35, 42, NULL, 1, 13, 14, 3, 2, 1),
(36, 42, NULL, 1, 13, 14, 4, 2, 1),
(37, 37, NULL, 2, 13.5, 15, 3, 2, 1),
(38, 37, NULL, 2, 13.5, 15, 4, 2, 1),
(39, 38, NULL, 2, 9.5, 11, 3, 2, 1),
(40, 38, NULL, 2, 9.5, 11, 4, 2, 1),
(41, 29, NULL, 1, 15, 16, 3, 2, 1),
(42, 29, NULL, 1, 15, 16, 4, 2, 1),
(43, 30, NULL, 2, 12.5, 14, 3, 2, 1),
(44, 30, NULL, 2, 12.5, 14, 4, 2, 1),
(45, 51, NULL, 7, 14, 16, 3, 2, 1),
(46, 51, NULL, 7, 14, 16, 4, 2, 1),
(47, 52, NULL, 10, 14, 16, 3, 2, 1),
(48, 52, NULL, 10, 14, 16, 4, 2, 1),
(49, 32, NULL, 9, 10, 12, 3, 2, 1),
(50, 32, NULL, 9, 10, 12, 4, 2, 1),
(51, 36, NULL, 9, 14, 16, 3, 2, 1),
(52, 36, NULL, 9, 14, 16, 4, 2, 1),
(53, 35, NULL, 7, 14, 16, 3, 2, 1),
(54, 35, NULL, 7, 14, 16, 4, 2, 1),
(55, 29, NULL, 1, 9, 10, 2, 2, 1),
(56, 21, NULL, 2, 8, 9.5, 2, 2, 1),
(57, 37, NULL, 2, 13.5, 15, 2, 2, 1),
(58, 41, NULL, 1, 13, 14, 2, 2, 1),
(59, 39, NULL, 1, 15, 16, 2, 2, 1),
(60, 54, NULL, 9, 12, 14, 2, 2, 1),
(61, 53, NULL, 17, 0, 0, 0, 0, 0),
(62, 44, NULL, 17, 0, 0, 0, 0, 0),
(63, 43, NULL, 17, 0, 0, 0, 0, 0),
(64, 49, NULL, 17, 0, 0, 0, 0, 0),
(65, 24, NULL, 17, 0, 0, 0, 0, 0),
(66, 50, NULL, 17, 0, 0, 0, 0, 0),
(67, 23, NULL, 17, 0, 0, 0, 0, 0),
(68, 51, NULL, 17, 0, 0, 0, 0, 0),
(69, 52, NULL, 17, 0, 0, 0, 0, 0),
(70, 32, NULL, 17, 0, 0, 0, 0, 0),
(71, 31, NULL, 17, 0, 0, 0, 0, 0),
(72, 30, NULL, 2, 9.5, 11, 2, 2, 1),
(73, 22, NULL, 2, 13.5, 15, 2, 2, 1),
(74, 38, NULL, 1, 8, 9, 2, 2, 1),
(75, 42, NULL, 1, 10, 11, 2, 2, 1),
(76, 40, NULL, 1, 12, 13, 2, 2, 1),
(77, 47, NULL, 10, 13, 15, 2, 2, 1),
(78, 48, NULL, 8, 14, 16, 2, 2, 1),
(79, 28, NULL, 6, 13, 15, 2, 2, 1),
(80, 27, NULL, 17, 0, 0, 0, 0, 0),
(81, 35, NULL, 17, 0, 0, 0, 0, 0),
(82, 36, NULL, 17, 0, 0, 0, 0, 0),
(83, 29, NULL, 1, 9, 10, 3, 2, 1),
(84, 29, NULL, 1, 9, 10, 4, 2, 1),
(85, 30, NULL, 2, 9.5, 11, 3, 2, 1),
(86, 30, NULL, 2, 9.5, 11, 4, 2, 1),
(87, 21, NULL, 2, 8, 9.5, 3, 2, 1),
(88, 21, NULL, 2, 8, 9.5, 4, 2, 1),
(89, 22, NULL, 2, 13.5, 15, 3, 2, 1),
(90, 22, NULL, 2, 13.5, 15, 4, 2, 1),
(91, 37, NULL, 2, 13.5, 15, 3, 2, 1),
(92, 37, NULL, 2, 13.5, 15, 4, 2, 1),
(93, 38, NULL, 1, 8, 9, 3, 2, 1),
(94, 38, NULL, 1, 8, 9, 4, 2, 1),
(95, 41, NULL, 1, 13, 14, 3, 2, 1),
(96, 41, NULL, 1, 13, 14, 4, 2, 1),
(97, 42, NULL, 1, 10, 11, 3, 2, 1),
(98, 42, NULL, 1, 10, 11, 4, 2, 1),
(99, 54, NULL, 9, 12, 14, 3, 2, 1),
(100, 54, NULL, 9, 12, 14, 4, 2, 1),
(101, 47, NULL, 10, 13, 15, 3, 2, 1),
(102, 47, NULL, 10, 13, 15, 4, 2, 1),
(103, 48, NULL, 8, 14, 16, 3, 2, 1),
(104, 48, NULL, 8, 14, 16, 4, 2, 1),
(105, 28, NULL, 6, 13, 15, 3, 2, 1),
(106, 28, NULL, 6, 13, 15, 4, 2, 1),
(107, 29, NULL, 1, 8, 9, 2, 2, 1),
(108, 21, NULL, 1, 9, 10, 2, 2, 1),
(109, 39, NULL, 2, 8, 9.5, 2, 2, 1),
(110, 37, NULL, 1, 10, 11, 2, 2, 1),
(111, 41, NULL, 1, 12, 13, 2, 2, 1),
(112, 53, NULL, 6, 14, 16, 2, 2, 1),
(113, 54, NULL, 8, 14, 16, 2, 2, 1),
(114, 44, NULL, 7, 10, 12, 2, 2, 1),
(115, 43, NULL, 9, 10, 12, 2, 2, 1),
(116, 51, NULL, 10, 14, 16, 2, 2, 1),
(117, 32, NULL, 7, 14, 16, 2, 2, 1),
(118, 52, NULL, 9, 14, 16, 2, 2, 1),
(119, 31, NULL, 9, 12, 14, 2, 2, 1),
(120, 23, NULL, 17, 0, 0, 0, 0, 0),
(121, 49, NULL, 17, 0, 0, 0, 0, 0),
(122, 50, NULL, 17, 0, 0, 0, 0, 0),
(123, 24, NULL, 17, 0, 0, 0, 0, 0),
(124, 30, NULL, 2, 8, 9.5, 2, 2, 1),
(125, 22, NULL, 2, 9.5, 11, 2, 2, 1),
(126, 40, NULL, 2, 12.5, 14, 2, 2, 1),
(127, 38, NULL, 1, 9, 10, 2, 2, 1),
(128, 42, NULL, 1, 10, 11, 2, 2, 1),
(129, 47, NULL, 7, 14, 16, 2, 2, 1),
(130, 48, NULL, 10, 10, 12, 2, 2, 1),
(131, 36, NULL, 8, 10, 12, 2, 2, 1),
(132, 35, NULL, 10, 12, 14, 2, 2, 1),
(133, 27, NULL, 10, 14, 16, 2, 2, 1),
(134, 28, NULL, 6, 10, 12, 2, 2, 1),
(135, 29, NULL, 1, 8, 9, 3, 2, 1),
(136, 29, NULL, 1, 8, 9, 4, 2, 1),
(137, 30, NULL, 2, 8, 9.5, 3, 2, 1),
(138, 30, NULL, 2, 8, 9.5, 4, 2, 1),
(139, 21, NULL, 1, 9, 10, 3, 2, 1),
(140, 21, NULL, 1, 9, 10, 4, 2, 1),
(141, 22, NULL, 2, 9.5, 11, 3, 2, 1),
(142, 22, NULL, 2, 9.5, 11, 4, 2, 1),
(143, 37, NULL, 1, 10, 11, 3, 2, 1),
(144, 37, NULL, 1, 10, 11, 4, 2, 1),
(145, 38, NULL, 1, 9, 10, 3, 2, 1),
(146, 38, NULL, 1, 9, 10, 4, 2, 1),
(147, 41, NULL, 1, 12, 13, 3, 2, 1),
(148, 41, NULL, 1, 12, 13, 4, 2, 1),
(149, 42, NULL, 1, 10, 11, 3, 2, 1),
(150, 42, NULL, 1, 10, 11, 4, 2, 1),
(151, 53, NULL, 6, 14, 16, 3, 2, 1),
(152, 53, NULL, 6, 14, 16, 4, 2, 1),
(153, 54, NULL, 8, 14, 16, 3, 2, 1),
(154, 54, NULL, 8, 14, 16, 4, 2, 1),
(155, 44, NULL, 7, 10, 12, 3, 2, 1),
(156, 44, NULL, 7, 10, 12, 4, 2, 1),
(157, 43, NULL, 9, 10, 12, 3, 2, 1),
(158, 43, NULL, 9, 10, 12, 4, 2, 1),
(159, 47, NULL, 7, 14, 16, 3, 2, 1),
(160, 47, NULL, 7, 14, 16, 4, 2, 1),
(161, 48, NULL, 10, 10, 12, 3, 2, 1),
(162, 48, NULL, 10, 10, 12, 4, 2, 1),
(163, 51, NULL, 10, 14, 16, 3, 2, 1),
(164, 51, NULL, 10, 14, 16, 4, 2, 1),
(165, 32, NULL, 7, 14, 16, 3, 2, 1),
(166, 32, NULL, 7, 14, 16, 4, 2, 1),
(167, 52, NULL, 9, 14, 16, 3, 2, 1),
(168, 52, NULL, 9, 14, 16, 4, 2, 1),
(169, 31, NULL, 9, 12, 14, 3, 2, 1),
(170, 31, NULL, 9, 12, 14, 4, 2, 1),
(171, 36, NULL, 8, 10, 12, 3, 2, 1),
(172, 36, NULL, 8, 10, 12, 4, 2, 1),
(173, 35, NULL, 10, 12, 14, 3, 2, 1),
(174, 35, NULL, 10, 12, 14, 4, 2, 1),
(175, 27, NULL, 10, 14, 16, 3, 2, 1),
(176, 27, NULL, 10, 14, 16, 4, 2, 1),
(177, 28, NULL, 6, 10, 12, 3, 2, 1),
(178, 28, NULL, 6, 10, 12, 4, 2, 1),
(179, 29, NULL, 1, 8, 9, 2, 2, 1),
(180, 41, NULL, 1, 9, 10, 2, 2, 1),
(181, 21, NULL, 1, 10, 11, 2, 2, 1),
(182, 37, NULL, 2, 8, 9.5, 2, 2, 1),
(183, 39, NULL, 1, 12, 13, 2, 2, 1),
(184, 23, NULL, 10, 14, 16, 2, 2, 1),
(185, 49, NULL, 8, 14, 16, 2, 2, 1),
(186, 24, NULL, 6, 14, 16, 2, 2, 1),
(187, 50, NULL, 9, 10, 12, 2, 2, 1),
(188, 31, NULL, 9, 14, 16, 2, 2, 1),
(189, 52, NULL, 7, 10, 12, 2, 2, 1),
(190, 51, NULL, 7, 14, 16, 2, 2, 1),
(191, 32, NULL, 17, 0, 0, 0, 0, 0),
(192, 44, NULL, 17, 0, 0, 0, 0, 0),
(193, 53, NULL, 17, 0, 0, 0, 0, 0),
(194, 43, NULL, 17, 0, 0, 0, 0, 0),
(195, 54, NULL, 17, 0, 0, 0, 0, 0),
(196, 30, NULL, 2, 8, 9.5, 2, 2, 1),
(197, 42, NULL, 1, 9, 10, 2, 2, 1),
(198, 22, NULL, 1, 10, 11, 2, 2, 1),
(199, 38, NULL, 2, 9.5, 11, 2, 2, 1),
(200, 40, NULL, 2, 12.5, 14, 2, 2, 1),
(201, 28, NULL, 8, 10, 12, 2, 2, 1),
(202, 27, NULL, 8, 12, 14, 2, 2, 1),
(203, 36, NULL, 6, 10, 12, 2, 2, 1),
(204, 35, NULL, 10, 10, 12, 2, 2, 1),
(205, 47, NULL, 10, 12, 14, 2, 2, 1),
(206, 48, NULL, 9, 14, 16, 2, 2, 1),
(207, 29, NULL, 1, 8, 9, 3, 2, 1),
(208, 29, NULL, 1, 8, 9, 4, 2, 1),
(209, 30, NULL, 2, 8, 9.5, 3, 2, 1),
(210, 30, NULL, 2, 8, 9.5, 4, 2, 1),
(211, 41, NULL, 1, 9, 10, 3, 2, 1),
(212, 41, NULL, 1, 9, 10, 4, 2, 1),
(213, 42, NULL, 1, 9, 10, 3, 2, 1),
(214, 42, NULL, 1, 9, 10, 4, 2, 1),
(215, 21, NULL, 1, 10, 11, 3, 2, 1),
(216, 21, NULL, 1, 10, 11, 4, 2, 1),
(217, 22, NULL, 1, 10, 11, 3, 2, 1),
(218, 22, NULL, 1, 10, 11, 4, 2, 1),
(219, 37, NULL, 2, 8, 9.5, 3, 2, 1),
(220, 37, NULL, 2, 8, 9.5, 4, 2, 1),
(221, 38, NULL, 2, 9.5, 11, 3, 2, 1),
(222, 38, NULL, 2, 9.5, 11, 4, 2, 1),
(223, 23, NULL, 10, 14, 16, 3, 2, 1),
(224, 23, NULL, 10, 14, 16, 4, 2, 1),
(225, 49, NULL, 8, 14, 16, 3, 2, 1),
(226, 49, NULL, 8, 14, 16, 4, 2, 1),
(227, 24, NULL, 6, 14, 16, 3, 2, 1),
(228, 24, NULL, 6, 14, 16, 4, 2, 1),
(229, 50, NULL, 9, 10, 12, 3, 2, 1),
(230, 50, NULL, 9, 10, 12, 4, 2, 1),
(231, 28, NULL, 8, 10, 12, 3, 2, 1),
(232, 28, NULL, 8, 10, 12, 4, 2, 1),
(233, 27, NULL, 8, 12, 14, 3, 2, 1),
(234, 27, NULL, 8, 12, 14, 4, 2, 1),
(235, 31, NULL, 9, 14, 16, 3, 2, 1),
(236, 31, NULL, 9, 14, 16, 4, 2, 1),
(237, 52, NULL, 7, 10, 12, 3, 2, 1),
(238, 52, NULL, 7, 10, 12, 4, 2, 1),
(239, 51, NULL, 7, 14, 16, 3, 2, 1),
(240, 51, NULL, 7, 14, 16, 4, 2, 1),
(241, 36, NULL, 6, 10, 12, 3, 2, 1),
(242, 36, NULL, 6, 10, 12, 4, 2, 1),
(243, 35, NULL, 10, 10, 12, 3, 2, 1),
(244, 35, NULL, 10, 10, 12, 4, 2, 1),
(245, 47, NULL, 10, 12, 14, 3, 2, 1),
(246, 47, NULL, 10, 12, 14, 4, 2, 1),
(247, 48, NULL, 9, 14, 16, 3, 2, 1),
(248, 48, NULL, 9, 14, 16, 4, 2, 1),
(249, 21, NULL, 1, 8, 9, 2, 2, 1),
(250, 41, NULL, 2, 8, 9.5, 2, 2, 1),
(251, 29, NULL, 1, 9, 10, 2, 2, 1),
(252, 37, NULL, 1, 10, 11, 2, 2, 1),
(253, 39, NULL, 1, 12, 13, 2, 2, 1),
(254, 43, NULL, 9, 10, 12, 2, 2, 1),
(255, 54, NULL, 10, 14, 16, 2, 2, 1),
(256, 44, NULL, 6, 14, 16, 2, 2, 1),
(257, 53, NULL, 9, 14, 16, 2, 2, 1),
(258, 50, NULL, 7, 10, 12, 2, 2, 1),
(259, 24, NULL, 8, 14, 16, 2, 2, 1),
(260, 49, NULL, 7, 14, 16, 2, 2, 1),
(261, 23, NULL, 17, 0, 0, 0, 0, 0),
(262, 51, NULL, 17, 0, 0, 0, 0, 0),
(263, 52, NULL, 17, 0, 0, 0, 0, 0),
(264, 31, NULL, 17, 0, 0, 0, 0, 0),
(265, 32, NULL, 17, 0, 0, 0, 0, 0),
(266, 22, NULL, 2, 8, 9.5, 2, 2, 1),
(267, 42, NULL, 1, 9, 10, 2, 2, 1),
(268, 30, NULL, 2, 9.5, 11, 2, 2, 1),
(269, 38, NULL, 1, 10, 11, 2, 2, 1),
(270, 40, NULL, 1, 12, 13, 2, 2, 1),
(271, 48, NULL, 8, 12, 14, 2, 2, 1),
(272, 47, NULL, 7, 14, 16, 2, 2, 1),
(273, 28, NULL, 9, 14, 16, 2, 2, 1),
(274, 27, NULL, 8, 14, 16, 2, 2, 1),
(275, 36, NULL, 6, 12, 14, 2, 2, 1),
(276, 35, NULL, 6, 14, 16, 2, 2, 1),
(277, 21, NULL, 1, 8, 9, 3, 2, 1),
(278, 21, NULL, 1, 8, 9, 4, 2, 1),
(279, 22, NULL, 2, 8, 9.5, 3, 2, 1),
(280, 22, NULL, 2, 8, 9.5, 4, 2, 1),
(281, 41, NULL, 2, 8, 9.5, 3, 2, 1),
(282, 41, NULL, 2, 8, 9.5, 4, 2, 1),
(283, 42, NULL, 1, 9, 10, 3, 2, 1),
(284, 42, NULL, 1, 9, 10, 4, 2, 1),
(285, 29, NULL, 1, 9, 10, 3, 2, 1),
(286, 29, NULL, 1, 9, 10, 4, 2, 1),
(287, 30, NULL, 2, 9.5, 11, 3, 2, 1),
(288, 30, NULL, 2, 9.5, 11, 4, 2, 1),
(289, 37, NULL, 1, 10, 11, 3, 2, 1),
(290, 37, NULL, 1, 10, 11, 4, 2, 1),
(291, 38, NULL, 1, 10, 11, 3, 2, 1),
(292, 38, NULL, 1, 10, 11, 4, 2, 1),
(293, 43, NULL, 9, 10, 12, 3, 2, 1),
(294, 43, NULL, 9, 10, 12, 4, 2, 1),
(295, 54, NULL, 10, 14, 16, 3, 2, 1),
(296, 54, NULL, 10, 14, 16, 4, 2, 1),
(297, 44, NULL, 6, 14, 16, 3, 2, 1),
(298, 44, NULL, 6, 14, 16, 4, 2, 1),
(299, 53, NULL, 9, 14, 16, 3, 2, 1),
(300, 53, NULL, 9, 14, 16, 4, 2, 1),
(301, 48, NULL, 8, 12, 14, 3, 2, 1),
(302, 48, NULL, 8, 12, 14, 4, 2, 1),
(303, 47, NULL, 7, 14, 16, 3, 2, 1),
(304, 47, NULL, 7, 14, 16, 4, 2, 1),
(305, 50, NULL, 7, 10, 12, 3, 2, 1),
(306, 50, NULL, 7, 10, 12, 4, 2, 1),
(307, 24, NULL, 8, 14, 16, 3, 2, 1),
(308, 24, NULL, 8, 14, 16, 4, 2, 1),
(309, 49, NULL, 7, 14, 16, 3, 2, 1),
(310, 49, NULL, 7, 14, 16, 4, 2, 1),
(311, 28, NULL, 9, 14, 16, 3, 2, 1),
(312, 28, NULL, 9, 14, 16, 4, 2, 1),
(313, 27, NULL, 8, 14, 16, 3, 2, 1),
(314, 27, NULL, 8, 14, 16, 4, 2, 1),
(315, 36, NULL, 6, 12, 14, 3, 2, 1),
(316, 36, NULL, 6, 12, 14, 4, 2, 1),
(317, 35, NULL, 6, 14, 16, 3, 2, 1),
(318, 35, NULL, 6, 14, 16, 4, 2, 1),
(319, 39, NULL, 1, 13, 14, 2, 2, 1),
(320, 41, NULL, 1, 15, 16, 2, 2, 1),
(321, 29, NULL, 2, 12.5, 14, 2, 2, 1),
(322, 37, NULL, 17, 0, 0, 0, 0, 0),
(323, 21, NULL, 17, 0, 0, 0, 0, 0),
(324, 53, NULL, 9, 8, 10, 2, 2, 1),
(325, 43, NULL, 7, 12, 14, 2, 2, 1),
(326, 44, NULL, 7, 14, 16, 2, 2, 1),
(327, 54, NULL, 7, 8, 10, 2, 2, 1),
(328, 31, NULL, 9, 14, 16, 2, 2, 1),
(329, 52, NULL, 17, 0, 0, 0, 0, 0),
(330, 32, NULL, 17, 0, 0, 0, 0, 0),
(331, 51, NULL, 17, 0, 0, 0, 0, 0),
(332, 49, NULL, 17, 0, 0, 0, 0, 0),
(333, 23, NULL, 17, 0, 0, 0, 0, 0),
(334, 50, NULL, 17, 0, 0, 0, 0, 0),
(335, 24, NULL, 17, 0, 0, 0, 0, 0),
(336, 40, NULL, 2, 13.5, 15, 2, 2, 1),
(337, 42, NULL, 1, 9, 10, 2, 2, 1),
(338, 30, NULL, 1, 12, 13, 2, 2, 1),
(339, 38, NULL, 2, 9.5, 11, 2, 2, 1),
(340, 22, NULL, 1, 14, 15, 2, 2, 1),
(341, 47, NULL, 6, 13, 15, 2, 2, 1),
(342, 48, NULL, 17, 0, 0, 0, 0, 0),
(343, 36, NULL, 17, 0, 0, 0, 0, 0),
(344, 35, NULL, 17, 0, 0, 0, 0, 0),
(345, 28, NULL, 17, 0, 0, 0, 0, 0),
(346, 27, NULL, 17, 0, 0, 0, 0, 0),
(347, 41, NULL, 1, 15, 16, 3, 2, 1),
(348, 41, NULL, 1, 15, 16, 4, 2, 1),
(349, 42, NULL, 1, 9, 10, 3, 2, 1),
(350, 42, NULL, 1, 9, 10, 4, 2, 1),
(351, 29, NULL, 2, 12.5, 14, 3, 2, 1),
(352, 29, NULL, 2, 12.5, 14, 4, 2, 1),
(353, 30, NULL, 1, 12, 13, 3, 2, 1),
(354, 30, NULL, 1, 12, 13, 4, 2, 1),
(355, 38, NULL, 2, 9.5, 11, 3, 2, 1),
(356, 38, NULL, 2, 9.5, 11, 4, 2, 1),
(357, 22, NULL, 1, 14, 15, 3, 2, 1),
(358, 22, NULL, 1, 14, 15, 4, 2, 1),
(359, 53, NULL, 9, 8, 10, 3, 2, 1),
(360, 53, NULL, 9, 8, 10, 4, 2, 1),
(361, 43, NULL, 7, 12, 14, 3, 2, 1),
(362, 43, NULL, 7, 12, 14, 4, 2, 1),
(363, 44, NULL, 7, 14, 16, 3, 2, 1),
(364, 44, NULL, 7, 14, 16, 4, 2, 1),
(365, 54, NULL, 7, 8, 10, 3, 2, 1),
(366, 54, NULL, 7, 8, 10, 4, 2, 1),
(367, 47, NULL, 6, 13, 15, 3, 2, 1),
(368, 47, NULL, 6, 13, 15, 4, 2, 1),
(369, 31, NULL, 9, 14, 16, 3, 2, 1),
(370, 31, NULL, 9, 14, 16, 4, 2, 1),
(371, 41, NULL, 1, 8, 9, 2, 2, 1),
(372, 29, NULL, 2, 8, 9.5, 2, 2, 1),
(373, 39, NULL, 1, 9, 10, 2, 2, 1),
(374, 21, NULL, 2, 9.5, 11, 2, 2, 1),
(375, 37, NULL, 2, 12.5, 14, 2, 2, 1),
(376, 54, NULL, 8, 10, 12, 2, 2, 1),
(377, 44, NULL, 6, 10, 12, 2, 2, 1),
(378, 53, NULL, 9, 14, 16, 2, 2, 1),
(379, 43, NULL, 10, 10, 12, 2, 2, 1),
(380, 49, NULL, 7, 14, 16, 2, 2, 1),
(381, 24, NULL, 8, 12, 14, 2, 2, 1),
(382, 23, NULL, 8, 14, 16, 2, 2, 1),
(383, 50, NULL, 6, 12, 14, 2, 2, 1),
(384, 31, NULL, 6, 14, 16, 2, 2, 1),
(385, 32, NULL, 10, 12, 14, 2, 2, 1),
(386, 51, NULL, 10, 14, 16, 2, 2, 1),
(387, 52, NULL, 17, 0, 0, 0, 0, 0),
(388, 42, NULL, 2, 8, 9.5, 2, 2, 1),
(389, 30, NULL, 2, 9.5, 11, 2, 2, 1),
(390, 40, NULL, 1, 9, 10, 2, 2, 1),
(391, 22, NULL, 2, 12.5, 14, 2, 2, 1),
(392, 38, NULL, 1, 10, 11, 2, 2, 1),
(393, 48, NULL, 6, 10, 12, 2, 2, 1),
(394, 47, NULL, 10, 10, 12, 2, 2, 1),
(395, 27, NULL, 7, 14, 16, 2, 2, 1),
(396, 28, NULL, 9, 14, 16, 2, 2, 1),
(397, 36, NULL, 8, 10, 12, 2, 2, 1),
(398, 35, NULL, 10, 12, 14, 2, 2, 1),
(399, 41, NULL, 1, 8, 9, 3, 2, 1),
(400, 41, NULL, 1, 8, 9, 4, 2, 1),
(401, 42, NULL, 2, 8, 9.5, 3, 2, 1),
(402, 42, NULL, 2, 8, 9.5, 4, 2, 1),
(403, 29, NULL, 2, 8, 9.5, 3, 2, 1),
(404, 29, NULL, 2, 8, 9.5, 4, 2, 1),
(405, 30, NULL, 2, 9.5, 11, 3, 2, 1),
(406, 30, NULL, 2, 9.5, 11, 4, 2, 1),
(407, 21, NULL, 2, 9.5, 11, 3, 2, 1),
(408, 21, NULL, 2, 9.5, 11, 4, 2, 1),
(409, 22, NULL, 2, 12.5, 14, 3, 2, 1),
(410, 22, NULL, 2, 12.5, 14, 4, 2, 1),
(411, 37, NULL, 2, 12.5, 14, 3, 2, 1),
(412, 37, NULL, 2, 12.5, 14, 4, 2, 1),
(413, 38, NULL, 1, 10, 11, 3, 2, 1),
(414, 38, NULL, 1, 10, 11, 4, 2, 1),
(415, 54, NULL, 8, 10, 12, 3, 2, 1),
(416, 54, NULL, 8, 10, 12, 4, 2, 1),
(417, 44, NULL, 6, 10, 12, 3, 2, 1),
(418, 44, NULL, 6, 10, 12, 4, 2, 1),
(419, 53, NULL, 9, 14, 16, 3, 2, 1),
(420, 53, NULL, 9, 14, 16, 4, 2, 1),
(421, 43, NULL, 10, 10, 12, 3, 2, 1),
(422, 43, NULL, 10, 10, 12, 4, 2, 1),
(423, 48, NULL, 6, 10, 12, 3, 2, 1),
(424, 48, NULL, 6, 10, 12, 4, 2, 1),
(425, 47, NULL, 10, 10, 12, 3, 2, 1),
(426, 47, NULL, 10, 10, 12, 4, 2, 1),
(427, 49, NULL, 7, 14, 16, 3, 2, 1),
(428, 49, NULL, 7, 14, 16, 4, 2, 1),
(429, 24, NULL, 8, 12, 14, 3, 2, 1),
(430, 24, NULL, 8, 12, 14, 4, 2, 1),
(431, 23, NULL, 8, 14, 16, 3, 2, 1),
(432, 23, NULL, 8, 14, 16, 4, 2, 1),
(433, 50, NULL, 6, 12, 14, 3, 2, 1),
(434, 50, NULL, 6, 12, 14, 4, 2, 1),
(435, 27, NULL, 7, 14, 16, 3, 2, 1),
(436, 27, NULL, 7, 14, 16, 4, 2, 1),
(437, 28, NULL, 9, 14, 16, 3, 2, 1),
(438, 28, NULL, 9, 14, 16, 4, 2, 1),
(439, 31, NULL, 6, 14, 16, 3, 2, 1),
(440, 31, NULL, 6, 14, 16, 4, 2, 1),
(441, 32, NULL, 10, 12, 14, 3, 2, 1),
(442, 32, NULL, 10, 12, 14, 4, 2, 1),
(443, 51, NULL, 10, 14, 16, 3, 2, 1),
(444, 51, NULL, 10, 14, 16, 4, 2, 1),
(445, 36, NULL, 8, 10, 12, 3, 2, 1),
(446, 36, NULL, 8, 10, 12, 4, 2, 1),
(447, 35, NULL, 10, 12, 14, 3, 2, 1),
(448, 35, NULL, 10, 12, 14, 4, 2, 1),
(449, 21, NULL, 2, 8, 9.5, 2, 2, 1),
(450, 37, NULL, 2, 9.5, 11, 2, 2, 1),
(451, 41, NULL, 1, 8, 9, 2, 2, 1),
(452, 29, NULL, 2, 12.5, 14, 2, 2, 1),
(453, 39, NULL, 1, 9, 10, 2, 2, 1),
(454, 50, NULL, 7, 14, 16, 2, 2, 1),
(455, 24, NULL, 8, 10, 12, 2, 2, 1),
(456, 23, NULL, 8, 12, 14, 2, 2, 1),
(457, 49, NULL, 10, 10, 12, 2, 2, 1),
(458, 43, NULL, 9, 14, 16, 2, 2, 1),
(459, 44, NULL, 6, 10, 12, 2, 2, 1),
(460, 54, NULL, 6, 12, 14, 2, 2, 1),
(461, 53, NULL, 8, 14, 16, 2, 2, 1),
(462, 51, NULL, 6, 14, 16, 2, 2, 1),
(463, 32, NULL, 10, 12, 14, 2, 2, 1),
(464, 31, NULL, 10, 14, 16, 2, 2, 1),
(465, 52, NULL, 17, 0, 0, 0, 0, 0),
(466, 22, NULL, 2, 9.5, 11, 2, 2, 1),
(467, 38, NULL, 2, 12.5, 14, 2, 2, 1),
(468, 42, NULL, 1, 8, 9, 2, 2, 1),
(469, 30, NULL, 1, 9, 10, 2, 2, 1),
(470, 40, NULL, 1, 10, 11, 2, 2, 1),
(471, 27, NULL, 8, 12, 14, 2, 2, 1),
(472, 28, NULL, 10, 12, 14, 2, 2, 1),
(473, 48, NULL, 7, 14, 16, 2, 2, 1),
(474, 47, NULL, 9, 14, 16, 2, 2, 1),
(475, 35, NULL, 8, 14, 16, 2, 2, 1),
(476, 36, NULL, 10, 14, 16, 2, 2, 1),
(477, 21, NULL, 2, 8, 9.5, 3, 2, 1),
(478, 21, NULL, 2, 8, 9.5, 4, 2, 1),
(479, 22, NULL, 2, 9.5, 11, 3, 2, 1),
(480, 22, NULL, 2, 9.5, 11, 4, 2, 1),
(481, 37, NULL, 2, 9.5, 11, 3, 2, 1),
(482, 37, NULL, 2, 9.5, 11, 4, 2, 1),
(483, 38, NULL, 2, 12.5, 14, 3, 2, 1),
(484, 38, NULL, 2, 12.5, 14, 4, 2, 1),
(485, 41, NULL, 1, 8, 9, 3, 2, 1),
(486, 41, NULL, 1, 8, 9, 4, 2, 1),
(487, 42, NULL, 1, 8, 9, 3, 2, 1),
(488, 42, NULL, 1, 8, 9, 4, 2, 1),
(489, 29, NULL, 2, 12.5, 14, 3, 2, 1),
(490, 29, NULL, 2, 12.5, 14, 4, 2, 1),
(491, 30, NULL, 1, 9, 10, 3, 2, 1),
(492, 30, NULL, 1, 9, 10, 4, 2, 1),
(493, 50, NULL, 7, 14, 16, 3, 2, 1),
(494, 50, NULL, 7, 14, 16, 4, 2, 1),
(495, 24, NULL, 8, 10, 12, 3, 2, 1),
(496, 24, NULL, 8, 10, 12, 4, 2, 1),
(497, 23, NULL, 8, 12, 14, 3, 2, 1),
(498, 23, NULL, 8, 12, 14, 4, 2, 1),
(499, 49, NULL, 10, 10, 12, 3, 2, 1),
(500, 49, NULL, 10, 10, 12, 4, 2, 1),
(501, 27, NULL, 8, 12, 14, 3, 2, 1),
(502, 27, NULL, 8, 12, 14, 4, 2, 1),
(503, 28, NULL, 10, 12, 14, 3, 2, 1),
(504, 28, NULL, 10, 12, 14, 4, 2, 1),
(505, 43, NULL, 9, 14, 16, 3, 2, 1),
(506, 43, NULL, 9, 14, 16, 4, 2, 1),
(507, 44, NULL, 6, 10, 12, 3, 2, 1),
(508, 44, NULL, 6, 10, 12, 4, 2, 1),
(509, 54, NULL, 6, 12, 14, 3, 2, 1),
(510, 54, NULL, 6, 12, 14, 4, 2, 1),
(511, 53, NULL, 8, 14, 16, 3, 2, 1),
(512, 53, NULL, 8, 14, 16, 4, 2, 1),
(513, 48, NULL, 7, 14, 16, 3, 2, 1),
(514, 48, NULL, 7, 14, 16, 4, 2, 1),
(515, 47, NULL, 9, 14, 16, 3, 2, 1),
(516, 47, NULL, 9, 14, 16, 4, 2, 1),
(517, 51, NULL, 6, 14, 16, 3, 2, 1),
(518, 51, NULL, 6, 14, 16, 4, 2, 1),
(519, 32, NULL, 10, 12, 14, 3, 2, 1),
(520, 32, NULL, 10, 12, 14, 4, 2, 1),
(521, 31, NULL, 10, 14, 16, 3, 2, 1),
(522, 31, NULL, 10, 14, 16, 4, 2, 1),
(523, 35, NULL, 8, 14, 16, 3, 2, 1),
(524, 35, NULL, 8, 14, 16, 4, 2, 1),
(525, 36, NULL, 10, 14, 16, 3, 2, 1),
(526, 36, NULL, 10, 14, 16, 4, 2, 1),
(527, 29, NULL, 1, 8, 9, 2, 2, 1),
(528, 21, NULL, 2, 8, 9.5, 2, 2, 1),
(529, 39, NULL, 2, 9.5, 11, 2, 2, 1),
(530, 41, NULL, 1, 9, 10, 2, 2, 1),
(531, 37, NULL, 1, 10, 11, 2, 2, 1),
(532, 44, NULL, 9, 14, 16, 2, 2, 1),
(533, 43, NULL, 10, 12, 14, 2, 2, 1),
(534, 53, NULL, 8, 12, 14, 2, 2, 1),
(535, 54, NULL, 7, 14, 16, 2, 2, 1),
(536, 52, NULL, 10, 14, 16, 2, 2, 1),
(537, 31, NULL, 8, 14, 16, 2, 2, 1),
(538, 32, NULL, 6, 12, 14, 2, 2, 1),
(539, 51, NULL, 6, 14, 16, 2, 2, 1),
(540, 50, NULL, 17, 0, 0, 0, 0, 0),
(541, 23, NULL, 17, 0, 0, 0, 0, 0),
(542, 24, NULL, 17, 0, 0, 0, 0, 0),
(543, 49, NULL, 17, 0, 0, 0, 0, 0),
(544, 30, NULL, 1, 9, 10, 2, 2, 1),
(545, 22, NULL, 2, 8, 9.5, 2, 2, 1),
(546, 40, NULL, 2, 9.5, 11, 2, 2, 1),
(547, 42, NULL, 2, 12.5, 14, 2, 2, 1),
(548, 38, NULL, 1, 10, 11, 2, 2, 1),
(549, 48, NULL, 7, 14, 16, 2, 2, 1),
(550, 47, NULL, 8, 10, 12, 2, 2, 1),
(551, 36, NULL, 8, 12, 14, 2, 2, 1),
(552, 35, NULL, 8, 14, 16, 2, 2, 1),
(553, 28, NULL, 9, 14, 16, 2, 2, 1),
(554, 27, NULL, 10, 10, 12, 2, 2, 1),
(555, 29, NULL, 1, 8, 9, 3, 2, 1),
(556, 29, NULL, 1, 8, 9, 4, 2, 1),
(557, 30, NULL, 1, 9, 10, 3, 2, 1),
(558, 30, NULL, 1, 9, 10, 4, 2, 1),
(559, 21, NULL, 2, 8, 9.5, 3, 2, 1),
(560, 21, NULL, 2, 8, 9.5, 4, 2, 1),
(561, 22, NULL, 2, 8, 9.5, 3, 2, 1),
(562, 22, NULL, 2, 8, 9.5, 4, 2, 1),
(563, 41, NULL, 1, 9, 10, 3, 2, 1),
(564, 41, NULL, 1, 9, 10, 4, 2, 1),
(565, 42, NULL, 2, 12.5, 14, 3, 2, 1),
(566, 42, NULL, 2, 12.5, 14, 4, 2, 1),
(567, 37, NULL, 1, 10, 11, 3, 2, 1),
(568, 37, NULL, 1, 10, 11, 4, 2, 1),
(569, 38, NULL, 1, 10, 11, 3, 2, 1),
(570, 38, NULL, 1, 10, 11, 4, 2, 1),
(571, 44, NULL, 9, 14, 16, 3, 2, 1),
(572, 44, NULL, 9, 14, 16, 4, 2, 1),
(573, 43, NULL, 10, 12, 14, 3, 2, 1),
(574, 43, NULL, 10, 12, 14, 4, 2, 1),
(575, 53, NULL, 8, 12, 14, 3, 2, 1),
(576, 53, NULL, 8, 12, 14, 4, 2, 1),
(577, 54, NULL, 7, 14, 16, 3, 2, 1),
(578, 54, NULL, 7, 14, 16, 4, 2, 1),
(579, 48, NULL, 7, 14, 16, 3, 2, 1),
(580, 48, NULL, 7, 14, 16, 4, 2, 1),
(581, 47, NULL, 8, 10, 12, 3, 2, 1),
(582, 47, NULL, 8, 10, 12, 4, 2, 1),
(583, 52, NULL, 10, 14, 16, 3, 2, 1),
(584, 52, NULL, 10, 14, 16, 4, 2, 1),
(585, 31, NULL, 8, 14, 16, 3, 2, 1),
(586, 31, NULL, 8, 14, 16, 4, 2, 1),
(587, 32, NULL, 6, 12, 14, 3, 2, 1),
(588, 32, NULL, 6, 12, 14, 4, 2, 1),
(589, 51, NULL, 6, 14, 16, 3, 2, 1),
(590, 51, NULL, 6, 14, 16, 4, 2, 1),
(591, 36, NULL, 8, 12, 14, 3, 2, 1),
(592, 36, NULL, 8, 12, 14, 4, 2, 1),
(593, 35, NULL, 8, 14, 16, 3, 2, 1),
(594, 35, NULL, 8, 14, 16, 4, 2, 1),
(595, 28, NULL, 9, 14, 16, 3, 2, 1),
(596, 28, NULL, 9, 14, 16, 4, 2, 1),
(597, 27, NULL, 10, 10, 12, 3, 2, 1),
(598, 27, NULL, 10, 10, 12, 4, 2, 1),
(599, 39, NULL, 2, 8, 9.5, 2, 2, 1),
(600, 41, NULL, 1, 8, 9, 2, 2, 1),
(601, 37, NULL, 1, 9, 10, 2, 2, 1),
(602, 29, NULL, 1, 10, 11, 2, 2, 1),
(603, 21, NULL, 1, 12, 13, 2, 2, 1),
(604, 43, NULL, 9, 10, 12, 2, 2, 1),
(605, 54, NULL, 6, 14, 16, 2, 2, 1),
(606, 53, NULL, 9, 14, 16, 2, 2, 1),
(607, 44, NULL, 7, 10, 12, 2, 2, 1),
(608, 52, NULL, 10, 14, 16, 2, 2, 1),
(609, 32, NULL, 7, 14, 16, 2, 2, 1),
(610, 51, NULL, 8, 14, 16, 2, 2, 1),
(611, 31, NULL, 17, 0, 0, 0, 0, 0),
(612, 50, NULL, 17, 0, 0, 0, 0, 0),
(613, 23, NULL, 17, 0, 0, 0, 0, 0),
(614, 49, NULL, 17, 0, 0, 0, 0, 0),
(615, 24, NULL, 17, 0, 0, 0, 0, 0),
(616, 40, NULL, 2, 9.5, 11, 2, 2, 1),
(617, 42, NULL, 2, 12.5, 14, 2, 2, 1),
(618, 38, NULL, 1, 8, 9, 2, 2, 1),
(619, 30, NULL, 1, 9, 10, 2, 2, 1),
(620, 22, NULL, 1, 10, 11, 2, 2, 1),
(621, 47, NULL, 10, 12, 14, 2, 2, 1),
(622, 48, NULL, 6, 12, 14, 2, 2, 1),
(623, 36, NULL, 6, 14, 16, 2, 2, 1),
(624, 35, NULL, 10, 14, 16, 2, 2, 1),
(625, 28, NULL, 7, 14, 16, 2, 2, 1),
(626, 27, NULL, 9, 14, 16, 2, 2, 1),
(627, 41, NULL, 1, 8, 9, 3, 2, 1),
(628, 41, NULL, 1, 8, 9, 4, 2, 1),
(629, 42, NULL, 2, 12.5, 14, 3, 2, 1),
(630, 42, NULL, 2, 12.5, 14, 4, 2, 1),
(631, 37, NULL, 1, 9, 10, 3, 2, 1),
(632, 37, NULL, 1, 9, 10, 4, 2, 1),
(633, 38, NULL, 1, 8, 9, 3, 2, 1),
(634, 38, NULL, 1, 8, 9, 4, 2, 1),
(635, 29, NULL, 1, 10, 11, 3, 2, 1),
(636, 29, NULL, 1, 10, 11, 4, 2, 1),
(637, 30, NULL, 1, 9, 10, 3, 2, 1),
(638, 30, NULL, 1, 9, 10, 4, 2, 1),
(639, 21, NULL, 1, 12, 13, 3, 2, 1),
(640, 21, NULL, 1, 12, 13, 4, 2, 1),
(641, 22, NULL, 1, 10, 11, 3, 2, 1),
(642, 22, NULL, 1, 10, 11, 4, 2, 1),
(643, 43, NULL, 9, 10, 12, 3, 2, 1),
(644, 43, NULL, 9, 10, 12, 4, 2, 1),
(645, 54, NULL, 6, 14, 16, 3, 2, 1),
(646, 54, NULL, 6, 14, 16, 4, 2, 1),
(647, 53, NULL, 9, 14, 16, 3, 2, 1),
(648, 53, NULL, 9, 14, 16, 4, 2, 1),
(649, 44, NULL, 7, 10, 12, 3, 2, 1),
(650, 44, NULL, 7, 10, 12, 4, 2, 1),
(651, 47, NULL, 10, 12, 14, 3, 2, 1),
(652, 47, NULL, 10, 12, 14, 4, 2, 1),
(653, 48, NULL, 6, 12, 14, 3, 2, 1),
(654, 48, NULL, 6, 12, 14, 4, 2, 1),
(655, 52, NULL, 10, 14, 16, 3, 2, 1),
(656, 52, NULL, 10, 14, 16, 4, 2, 1),
(657, 32, NULL, 7, 14, 16, 3, 2, 1),
(658, 32, NULL, 7, 14, 16, 4, 2, 1),
(659, 51, NULL, 8, 14, 16, 3, 2, 1),
(660, 51, NULL, 8, 14, 16, 4, 2, 1),
(661, 36, NULL, 6, 14, 16, 3, 2, 1),
(662, 36, NULL, 6, 14, 16, 4, 2, 1),
(663, 35, NULL, 10, 14, 16, 3, 2, 1),
(664, 35, NULL, 10, 14, 16, 4, 2, 1),
(665, 28, NULL, 7, 14, 16, 3, 2, 1),
(666, 28, NULL, 7, 14, 16, 4, 2, 1),
(667, 27, NULL, 9, 14, 16, 3, 2, 1),
(668, 27, NULL, 9, 14, 16, 4, 2, 1),
(669, 29, NULL, 2, 8, 9.5, 2, 2, 1),
(670, 41, NULL, 2, 9.5, 11, 2, 2, 1),
(671, 39, NULL, 1, 8, 9, 2, 2, 1),
(672, 37, NULL, 1, 9, 10, 2, 2, 1),
(673, 21, NULL, 2, 12.5, 14, 2, 2, 1),
(674, 31, NULL, 10, 10, 12, 2, 2, 1),
(675, 51, NULL, 6, 10, 12, 2, 2, 1),
(676, 32, NULL, 7, 14, 16, 2, 2, 1),
(677, 52, NULL, 10, 12, 14, 2, 2, 1),
(678, 24, NULL, 8, 10, 12, 2, 2, 1),
(679, 50, NULL, 10, 14, 16, 2, 2, 1),
(680, 23, NULL, 9, 14, 16, 2, 2, 1),
(681, 49, NULL, 6, 12, 14, 2, 2, 1),
(682, 53, NULL, 8, 12, 14, 2, 2, 1),
(683, 43, NULL, 8, 14, 16, 2, 2, 1),
(684, 44, NULL, 6, 14, 16, 2, 2, 1),
(685, 54, NULL, 17, 0, 0, 0, 0, 0),
(686, 30, NULL, 1, 8, 9, 2, 2, 1),
(687, 42, NULL, 1, 9, 10, 2, 2, 1),
(688, 40, NULL, 2, 9.5, 11, 2, 2, 1),
(689, 38, NULL, 2, 12.5, 14, 2, 2, 1),
(690, 22, NULL, 1, 10, 11, 2, 2, 1),
(691, 35, NULL, 9, 14, 16, 2, 2, 1),
(692, 36, NULL, 6, 12, 14, 2, 2, 1),
(693, 28, NULL, 6, 14, 16, 2, 2, 1),
(694, 27, NULL, 8, 12, 14, 2, 2, 1),
(695, 48, NULL, 10, 12, 14, 2, 2, 1),
(696, 47, NULL, 8, 14, 16, 2, 2, 1),
(697, 29, NULL, 2, 8, 9.5, 3, 2, 1),
(698, 29, NULL, 2, 8, 9.5, 4, 2, 1),
(699, 30, NULL, 1, 8, 9, 3, 2, 1),
(700, 30, NULL, 1, 8, 9, 4, 2, 1),
(701, 41, NULL, 2, 9.5, 11, 3, 2, 1),
(702, 41, NULL, 2, 9.5, 11, 4, 2, 1),
(703, 42, NULL, 1, 9, 10, 3, 2, 1),
(704, 42, NULL, 1, 9, 10, 4, 2, 1),
(705, 37, NULL, 1, 9, 10, 3, 2, 1),
(706, 37, NULL, 1, 9, 10, 4, 2, 1),
(707, 38, NULL, 2, 12.5, 14, 3, 2, 1),
(708, 38, NULL, 2, 12.5, 14, 4, 2, 1),
(709, 21, NULL, 2, 12.5, 14, 3, 2, 1),
(710, 21, NULL, 2, 12.5, 14, 4, 2, 1),
(711, 22, NULL, 1, 10, 11, 3, 2, 1),
(712, 22, NULL, 1, 10, 11, 4, 2, 1),
(713, 31, NULL, 10, 10, 12, 3, 2, 1),
(714, 31, NULL, 10, 10, 12, 4, 2, 1),
(715, 51, NULL, 6, 10, 12, 3, 2, 1),
(716, 51, NULL, 6, 10, 12, 4, 2, 1),
(717, 32, NULL, 7, 14, 16, 3, 2, 1),
(718, 32, NULL, 7, 14, 16, 4, 2, 1),
(719, 52, NULL, 10, 12, 14, 3, 2, 1),
(720, 52, NULL, 10, 12, 14, 4, 2, 1),
(721, 35, NULL, 9, 14, 16, 3, 2, 1),
(722, 35, NULL, 9, 14, 16, 4, 2, 1),
(723, 36, NULL, 6, 12, 14, 3, 2, 1),
(724, 36, NULL, 6, 12, 14, 4, 2, 1),
(725, 24, NULL, 8, 10, 12, 3, 2, 1),
(726, 24, NULL, 8, 10, 12, 4, 2, 1),
(727, 50, NULL, 10, 14, 16, 3, 2, 1),
(728, 50, NULL, 10, 14, 16, 4, 2, 1),
(729, 23, NULL, 9, 14, 16, 3, 2, 1),
(730, 23, NULL, 9, 14, 16, 4, 2, 1),
(731, 49, NULL, 6, 12, 14, 3, 2, 1),
(732, 49, NULL, 6, 12, 14, 4, 2, 1),
(733, 28, NULL, 6, 14, 16, 3, 2, 1),
(734, 28, NULL, 6, 14, 16, 4, 2, 1),
(735, 27, NULL, 8, 12, 14, 3, 2, 1),
(736, 27, NULL, 8, 12, 14, 4, 2, 1),
(737, 53, NULL, 8, 12, 14, 3, 2, 1),
(738, 53, NULL, 8, 12, 14, 4, 2, 1),
(739, 43, NULL, 8, 14, 16, 3, 2, 1),
(740, 43, NULL, 8, 14, 16, 4, 2, 1),
(741, 44, NULL, 6, 14, 16, 3, 2, 1),
(742, 44, NULL, 6, 14, 16, 4, 2, 1),
(743, 48, NULL, 10, 12, 14, 3, 2, 1),
(744, 48, NULL, 10, 12, 14, 4, 2, 1),
(745, 47, NULL, 8, 14, 16, 3, 2, 1),
(746, 47, NULL, 8, 14, 16, 4, 2, 1),
(747, 29, NULL, 2, 8, 9.5, 2, 2, 1),
(748, 21, NULL, 2, 9.5, 11, 2, 2, 1),
(749, 37, NULL, 1, 8, 9, 2, 2, 1),
(750, 41, NULL, 1, 9, 10, 2, 2, 1),
(751, 39, NULL, 1, 10, 11, 2, 2, 1),
(752, 32, NULL, 10, 12, 14, 2, 2, 1),
(753, 31, NULL, 10, 14, 16, 2, 2, 1),
(754, 51, NULL, 7, 14, 16, 2, 2, 1),
(755, 52, NULL, 8, 12, 14, 2, 2, 1),
(756, 43, NULL, 9, 14, 16, 2, 2, 1),
(757, 54, NULL, 8, 14, 16, 2, 2, 1),
(758, 44, NULL, 6, 12, 14, 2, 2, 1),
(759, 53, NULL, 6, 14, 16, 2, 2, 1),
(760, 23, NULL, 17, 0, 0, 0, 0, 0),
(761, 49, NULL, 17, 0, 0, 0, 0, 0),
(762, 24, NULL, 17, 0, 0, 0, 0, 0),
(763, 50, NULL, 17, 0, 0, 0, 0, 0),
(764, 30, NULL, 2, 9.5, 11, 2, 2, 1),
(765, 22, NULL, 1, 8, 9, 2, 2, 1),
(766, 38, NULL, 2, 12.5, 14, 2, 2, 1),
(767, 42, NULL, 1, 9, 10, 2, 2, 1),
(768, 40, NULL, 1, 10, 11, 2, 2, 1),
(769, 35, NULL, 7, 14, 16, 2, 2, 1),
(770, 36, NULL, 10, 12, 14, 2, 2, 1),
(771, 48, NULL, 8, 12, 14, 2, 2, 1),
(772, 47, NULL, 6, 12, 14, 2, 2, 1),
(773, 28, NULL, 6, 14, 16, 2, 2, 1),
(774, 27, NULL, 9, 14, 16, 2, 2, 1),
(775, 29, NULL, 2, 8, 9.5, 3, 2, 1),
(776, 29, NULL, 2, 8, 9.5, 4, 2, 1),
(777, 30, NULL, 2, 9.5, 11, 3, 2, 1),
(778, 30, NULL, 2, 9.5, 11, 4, 2, 1),
(779, 21, NULL, 2, 9.5, 11, 3, 2, 1),
(780, 21, NULL, 2, 9.5, 11, 4, 2, 1),
(781, 22, NULL, 1, 8, 9, 3, 2, 1),
(782, 22, NULL, 1, 8, 9, 4, 2, 1),
(783, 37, NULL, 1, 8, 9, 3, 2, 1),
(784, 37, NULL, 1, 8, 9, 4, 2, 1),
(785, 38, NULL, 2, 12.5, 14, 3, 2, 1),
(786, 38, NULL, 2, 12.5, 14, 4, 2, 1),
(787, 41, NULL, 1, 9, 10, 3, 2, 1),
(788, 41, NULL, 1, 9, 10, 4, 2, 1),
(789, 42, NULL, 1, 9, 10, 3, 2, 1),
(790, 42, NULL, 1, 9, 10, 4, 2, 1),
(791, 32, NULL, 10, 12, 14, 3, 2, 1),
(792, 32, NULL, 10, 12, 14, 4, 2, 1),
(793, 31, NULL, 10, 14, 16, 3, 2, 1),
(794, 31, NULL, 10, 14, 16, 4, 2, 1),
(795, 51, NULL, 7, 14, 16, 3, 2, 1),
(796, 51, NULL, 7, 14, 16, 4, 2, 1),
(797, 52, NULL, 8, 12, 14, 3, 2, 1),
(798, 52, NULL, 8, 12, 14, 4, 2, 1),
(799, 35, NULL, 7, 14, 16, 3, 2, 1),
(800, 35, NULL, 7, 14, 16, 4, 2, 1),
(801, 36, NULL, 10, 12, 14, 3, 2, 1),
(802, 36, NULL, 10, 12, 14, 4, 2, 1),
(803, 43, NULL, 9, 14, 16, 3, 2, 1),
(804, 43, NULL, 9, 14, 16, 4, 2, 1),
(805, 54, NULL, 8, 14, 16, 3, 2, 1),
(806, 54, NULL, 8, 14, 16, 4, 2, 1),
(807, 44, NULL, 6, 12, 14, 3, 2, 1),
(808, 44, NULL, 6, 12, 14, 4, 2, 1),
(809, 53, NULL, 6, 14, 16, 3, 2, 1),
(810, 53, NULL, 6, 14, 16, 4, 2, 1),
(811, 48, NULL, 8, 12, 14, 3, 2, 1),
(812, 48, NULL, 8, 12, 14, 4, 2, 1),
(813, 47, NULL, 6, 12, 14, 3, 2, 1),
(814, 47, NULL, 6, 12, 14, 4, 2, 1),
(815, 28, NULL, 6, 14, 16, 3, 2, 1),
(816, 28, NULL, 6, 14, 16, 4, 2, 1),
(817, 27, NULL, 9, 14, 16, 3, 2, 1),
(818, 27, NULL, 9, 14, 16, 4, 2, 1),
(819, 41, NULL, 2, 8, 9.5, 2, 2, 1),
(820, 39, NULL, 1, 8, 9, 2, 2, 1),
(821, 21, NULL, 1, 9, 10, 2, 2, 1),
(822, 29, NULL, 1, 10, 11, 2, 2, 1),
(823, 37, NULL, 1, 12, 13, 2, 2, 1),
(824, 52, NULL, 7, 10, 12, 2, 2, 1),
(825, 32, NULL, 6, 14, 16, 2, 2, 1),
(826, 31, NULL, 10, 14, 16, 2, 2, 1),
(827, 51, NULL, 8, 14, 16, 2, 2, 1),
(828, 44, NULL, 9, 10, 12, 2, 2, 1),
(829, 54, NULL, 7, 14, 16, 2, 2, 1),
(830, 53, NULL, 9, 14, 16, 2, 2, 1),
(831, 43, NULL, 9, 12, 14, 2, 2, 1),
(832, 23, NULL, 17, 0, 0, 0, 0, 0),
(833, 24, NULL, 17, 0, 0, 0, 0, 0),
(834, 50, NULL, 17, 0, 0, 0, 0, 0),
(835, 49, NULL, 17, 0, 0, 0, 0, 0),
(836, 42, NULL, 1, 8, 9, 2, 2, 1),
(837, 40, NULL, 1, 9, 10, 2, 2, 1),
(838, 22, NULL, 2, 9.5, 11, 2, 2, 1),
(839, 30, NULL, 2, 12.5, 14, 2, 2, 1),
(840, 38, NULL, 1, 10, 11, 2, 2, 1),
(841, 35, NULL, 10, 12, 14, 2, 2, 1),
(842, 36, NULL, 8, 12, 14, 2, 2, 1),
(843, 48, NULL, 9, 14, 16, 2, 2, 1),
(844, 47, NULL, 10, 14, 16, 2, 2, 1),
(845, 27, NULL, 6, 12, 14, 2, 2, 1),
(846, 28, NULL, 7, 14, 16, 2, 2, 1),
(847, 41, NULL, 2, 8, 9.5, 3, 2, 1),
(848, 41, NULL, 2, 8, 9.5, 4, 2, 1),
(849, 42, NULL, 1, 8, 9, 3, 2, 1),
(850, 42, NULL, 1, 8, 9, 4, 2, 1),
(851, 21, NULL, 1, 9, 10, 3, 2, 1),
(852, 21, NULL, 1, 9, 10, 4, 2, 1),
(853, 22, NULL, 2, 9.5, 11, 3, 2, 1),
(854, 22, NULL, 2, 9.5, 11, 4, 2, 1),
(855, 29, NULL, 1, 10, 11, 3, 2, 1),
(856, 29, NULL, 1, 10, 11, 4, 2, 1),
(857, 30, NULL, 2, 12.5, 14, 3, 2, 1),
(858, 30, NULL, 2, 12.5, 14, 4, 2, 1),
(859, 37, NULL, 1, 12, 13, 3, 2, 1),
(860, 37, NULL, 1, 12, 13, 4, 2, 1),
(861, 38, NULL, 1, 10, 11, 3, 2, 1),
(862, 38, NULL, 1, 10, 11, 4, 2, 1),
(863, 52, NULL, 7, 10, 12, 3, 2, 1),
(864, 52, NULL, 7, 10, 12, 4, 2, 1),
(865, 32, NULL, 6, 14, 16, 3, 2, 1),
(866, 32, NULL, 6, 14, 16, 4, 2, 1),
(867, 31, NULL, 10, 14, 16, 3, 2, 1),
(868, 31, NULL, 10, 14, 16, 4, 2, 1),
(869, 51, NULL, 8, 14, 16, 3, 2, 1),
(870, 51, NULL, 8, 14, 16, 4, 2, 1),
(871, 35, NULL, 10, 12, 14, 3, 2, 1),
(872, 35, NULL, 10, 12, 14, 4, 2, 1),
(873, 36, NULL, 8, 12, 14, 3, 2, 1),
(874, 36, NULL, 8, 12, 14, 4, 2, 1),
(875, 44, NULL, 9, 10, 12, 3, 2, 1),
(876, 44, NULL, 9, 10, 12, 4, 2, 1),
(877, 54, NULL, 7, 14, 16, 3, 2, 1),
(878, 54, NULL, 7, 14, 16, 4, 2, 1),
(879, 53, NULL, 9, 14, 16, 3, 2, 1),
(880, 53, NULL, 9, 14, 16, 4, 2, 1),
(881, 43, NULL, 9, 12, 14, 3, 2, 1),
(882, 43, NULL, 9, 12, 14, 4, 2, 1),
(883, 48, NULL, 9, 14, 16, 3, 2, 1),
(884, 48, NULL, 9, 14, 16, 4, 2, 1),
(885, 47, NULL, 10, 14, 16, 3, 2, 1),
(886, 47, NULL, 10, 14, 16, 4, 2, 1),
(887, 27, NULL, 6, 12, 14, 3, 2, 1),
(888, 27, NULL, 6, 12, 14, 4, 2, 1),
(889, 28, NULL, 7, 14, 16, 3, 2, 1),
(890, 28, NULL, 7, 14, 16, 4, 2, 1),
(891, 39, NULL, 1, 8, 9, 2, 2, 1),
(892, 37, NULL, 2, 8, 9.5, 2, 2, 1),
(893, 29, NULL, 1, 9, 10, 2, 2, 1),
(894, 21, NULL, 2, 9.5, 11, 2, 2, 1),
(895, 41, NULL, 1, 10, 11, 2, 2, 1),
(896, 50, NULL, 9, 14, 16, 2, 2, 1),
(897, 49, NULL, 7, 14, 16, 2, 2, 1),
(898, 23, NULL, 10, 12, 14, 2, 2, 1),
(899, 24, NULL, 10, 14, 16, 2, 2, 1),
(900, 51, NULL, 8, 12, 14, 2, 2, 1),
(901, 32, NULL, 8, 14, 16, 2, 2, 1),
(902, 31, NULL, 6, 12, 14, 2, 2, 1),
(903, 52, NULL, 6, 14, 16, 2, 2, 1),
(904, 54, NULL, 17, 0, 0, 0, 0, 0),
(905, 53, NULL, 17, 0, 0, 0, 0, 0),
(906, 44, NULL, 17, 0, 0, 0, 0, 0),
(907, 43, NULL, 17, 0, 0, 0, 0, 0),
(908, 40, NULL, 1, 9, 10, 2, 2, 1),
(909, 38, NULL, 2, 8, 9.5, 2, 2, 1),
(910, 30, NULL, 2, 9.5, 11, 2, 2, 1),
(911, 22, NULL, 2, 12.5, 14, 2, 2, 1),
(912, 42, NULL, 1, 10, 11, 2, 2, 1),
(913, 28, NULL, 10, 10, 12, 2, 2, 1),
(914, 27, NULL, 6, 10, 12, 2, 2, 1),
(915, 35, NULL, 8, 10, 12, 2, 2, 1),
(916, 36, NULL, 7, 14, 16, 2, 2, 1),
(917, 47, NULL, 6, 12, 14, 2, 2, 1),
(918, 48, NULL, 10, 12, 14, 2, 2, 1),
(919, 37, NULL, 2, 8, 9.5, 3, 2, 1),
(920, 37, NULL, 2, 8, 9.5, 4, 2, 1),
(921, 38, NULL, 2, 8, 9.5, 3, 2, 1),
(922, 38, NULL, 2, 8, 9.5, 4, 2, 1),
(923, 29, NULL, 1, 9, 10, 3, 2, 1),
(924, 29, NULL, 1, 9, 10, 4, 2, 1),
(925, 30, NULL, 2, 9.5, 11, 3, 2, 1),
(926, 30, NULL, 2, 9.5, 11, 4, 2, 1),
(927, 21, NULL, 2, 9.5, 11, 3, 2, 1),
(928, 21, NULL, 2, 9.5, 11, 4, 2, 1),
(929, 22, NULL, 2, 12.5, 14, 3, 2, 1),
(930, 22, NULL, 2, 12.5, 14, 4, 2, 1),
(931, 41, NULL, 1, 10, 11, 3, 2, 1),
(932, 41, NULL, 1, 10, 11, 4, 2, 1),
(933, 42, NULL, 1, 10, 11, 3, 2, 1),
(934, 42, NULL, 1, 10, 11, 4, 2, 1),
(935, 50, NULL, 9, 14, 16, 3, 2, 1),
(936, 50, NULL, 9, 14, 16, 4, 2, 1),
(937, 49, NULL, 7, 14, 16, 3, 2, 1),
(938, 49, NULL, 7, 14, 16, 4, 2, 1),
(939, 23, NULL, 10, 12, 14, 3, 2, 1),
(940, 23, NULL, 10, 12, 14, 4, 2, 1),
(941, 24, NULL, 10, 14, 16, 3, 2, 1),
(942, 24, NULL, 10, 14, 16, 4, 2, 1),
(943, 28, NULL, 10, 10, 12, 3, 2, 1),
(944, 28, NULL, 10, 10, 12, 4, 2, 1),
(945, 27, NULL, 6, 10, 12, 3, 2, 1),
(946, 27, NULL, 6, 10, 12, 4, 2, 1),
(947, 51, NULL, 8, 12, 14, 3, 2, 1),
(948, 51, NULL, 8, 12, 14, 4, 2, 1),
(949, 32, NULL, 8, 14, 16, 3, 2, 1),
(950, 32, NULL, 8, 14, 16, 4, 2, 1),
(951, 31, NULL, 6, 12, 14, 3, 2, 1),
(952, 31, NULL, 6, 12, 14, 4, 2, 1),
(953, 52, NULL, 6, 14, 16, 3, 2, 1),
(954, 52, NULL, 6, 14, 16, 4, 2, 1),
(955, 35, NULL, 8, 10, 12, 3, 2, 1),
(956, 35, NULL, 8, 10, 12, 4, 2, 1),
(957, 36, NULL, 7, 14, 16, 3, 2, 1),
(958, 36, NULL, 7, 14, 16, 4, 2, 1),
(959, 47, NULL, 6, 12, 14, 3, 2, 1),
(960, 47, NULL, 6, 12, 14, 4, 2, 1),
(961, 48, NULL, 10, 12, 14, 3, 2, 1),
(962, 48, NULL, 10, 12, 14, 4, 2, 1),
(963, 21, NULL, 1, 8, 9, 2, 2, 1),
(964, 41, NULL, 1, 9, 10, 2, 2, 1),
(965, 39, NULL, 1, 10, 11, 2, 2, 1),
(966, 37, NULL, 1, 12, 13, 2, 2, 1),
(967, 29, NULL, 1, 13, 14, 2, 2, 1),
(968, 53, NULL, 9, 8, 10, 2, 2, 1),
(969, 54, NULL, 8, 14, 16, 2, 2, 1),
(970, 43, NULL, 6, 14, 16, 2, 2, 1),
(971, 44, NULL, 9, 10, 12, 2, 2, 1),
(972, 51, NULL, 9, 14, 16, 2, 2, 1),
(973, 32, NULL, 10, 14, 16, 2, 2, 1),
(974, 31, NULL, 7, 8, 10, 2, 2, 1),
(975, 52, NULL, 7, 10, 12, 2, 2, 1),
(976, 50, NULL, 7, 14, 16, 2, 2, 1),
(977, 49, NULL, 17, 0, 0, 0, 0, 0),
(978, 23, NULL, 17, 0, 0, 0, 0, 0),
(979, 24, NULL, 17, 0, 0, 0, 0, 0),
(980, 22, NULL, 2, 8, 9.5, 2, 2, 1),
(981, 42, NULL, 2, 9.5, 11, 2, 2, 1),
(982, 40, NULL, 1, 9, 10, 2, 2, 1),
(983, 38, NULL, 2, 12.5, 14, 2, 2, 1),
(984, 30, NULL, 1, 10, 11, 2, 2, 1),
(985, 47, NULL, 10, 10, 12, 2, 2, 1),
(986, 48, NULL, 9, 14, 16, 2, 2, 1),
(987, 35, NULL, 7, 14, 16, 2, 2, 1),
(988, 36, NULL, 6, 10, 12, 2, 2, 1),
(989, 27, NULL, 8, 10, 12, 2, 2, 1),
(990, 28, NULL, 6, 12, 14, 2, 2, 1),
(991, 21, NULL, 1, 8, 9, 3, 2, 1),
(992, 21, NULL, 1, 8, 9, 4, 2, 1),
(993, 22, NULL, 2, 8, 9.5, 3, 2, 1),
(994, 22, NULL, 2, 8, 9.5, 4, 2, 1),
(995, 41, NULL, 1, 9, 10, 3, 2, 1),
(996, 41, NULL, 1, 9, 10, 4, 2, 1),
(997, 42, NULL, 2, 9.5, 11, 3, 2, 1),
(998, 42, NULL, 2, 9.5, 11, 4, 2, 1),
(999, 37, NULL, 1, 12, 13, 3, 2, 1),
(1000, 37, NULL, 1, 12, 13, 4, 2, 1),
(1001, 38, NULL, 2, 12.5, 14, 3, 2, 1),
(1002, 38, NULL, 2, 12.5, 14, 4, 2, 1),
(1003, 29, NULL, 1, 13, 14, 3, 2, 1),
(1004, 29, NULL, 1, 13, 14, 4, 2, 1),
(1005, 30, NULL, 1, 10, 11, 3, 2, 1),
(1006, 30, NULL, 1, 10, 11, 4, 2, 1),
(1007, 53, NULL, 9, 8, 10, 3, 2, 1),
(1008, 53, NULL, 9, 8, 10, 4, 2, 1),
(1009, 54, NULL, 8, 14, 16, 3, 2, 1),
(1010, 54, NULL, 8, 14, 16, 4, 2, 1),
(1011, 43, NULL, 6, 14, 16, 3, 2, 1),
(1012, 43, NULL, 6, 14, 16, 4, 2, 1),
(1013, 44, NULL, 9, 10, 12, 3, 2, 1),
(1014, 44, NULL, 9, 10, 12, 4, 2, 1),
(1015, 47, NULL, 10, 10, 12, 3, 2, 1),
(1016, 47, NULL, 10, 10, 12, 4, 2, 1),
(1017, 48, NULL, 9, 14, 16, 3, 2, 1),
(1018, 48, NULL, 9, 14, 16, 4, 2, 1),
(1019, 51, NULL, 9, 14, 16, 3, 2, 1),
(1020, 51, NULL, 9, 14, 16, 4, 2, 1),
(1021, 32, NULL, 10, 14, 16, 3, 2, 1),
(1022, 32, NULL, 10, 14, 16, 4, 2, 1),
(1023, 31, NULL, 7, 8, 10, 3, 2, 1),
(1024, 31, NULL, 7, 8, 10, 4, 2, 1),
(1025, 52, NULL, 7, 10, 12, 3, 2, 1),
(1026, 52, NULL, 7, 10, 12, 4, 2, 1),
(1027, 35, NULL, 7, 14, 16, 3, 2, 1),
(1028, 35, NULL, 7, 14, 16, 4, 2, 1),
(1029, 36, NULL, 6, 10, 12, 3, 2, 1),
(1030, 36, NULL, 6, 10, 12, 4, 2, 1),
(1031, 50, NULL, 7, 14, 16, 3, 2, 1),
(1032, 50, NULL, 7, 14, 16, 4, 2, 1),
(1033, 27, NULL, 8, 10, 12, 3, 2, 1),
(1034, 27, NULL, 8, 10, 12, 4, 2, 1),
(1035, 28, NULL, 6, 12, 14, 3, 2, 1),
(1036, 28, NULL, 6, 12, 14, 4, 2, 1),
(1037, 21, NULL, 1, 8, 9, 2, 2, 1),
(1038, 29, NULL, 2, 8, 9.5, 2, 2, 1),
(1039, 37, NULL, 2, 9.5, 11, 2, 2, 1),
(1040, 39, NULL, 2, 12.5, 14, 2, 2, 1),
(1041, 41, NULL, 1, 9, 10, 2, 2, 1),
(1042, 53, NULL, 7, 14, 16, 2, 2, 1),
(1043, 44, NULL, 10, 10, 12, 2, 2, 1),
(1044, 54, NULL, 6, 10, 12, 2, 2, 1),
(1045, 43, NULL, 6, 12, 14, 2, 2, 1),
(1046, 31, NULL, 9, 14, 16, 2, 2, 1),
(1047, 52, NULL, 6, 14, 16, 2, 2, 1),
(1048, 51, NULL, 10, 12, 14, 2, 2, 1),
(1049, 32, NULL, 10, 14, 16, 2, 2, 1),
(1050, 23, NULL, 8, 10, 12, 2, 2, 1),
(1051, 24, NULL, 8, 12, 14, 2, 2, 1),
(1052, 50, NULL, 8, 14, 16, 2, 2, 1),
(1053, 49, NULL, 17, 0, 0, 0, 0, 0),
(1054, 22, NULL, 2, 8, 9.5, 2, 2, 1),
(1055, 30, NULL, 2, 9.5, 11, 2, 2, 1),
(1056, 38, NULL, 1, 9, 10, 2, 2, 1),
(1057, 40, NULL, 2, 12.5, 14, 2, 2, 1),
(1058, 42, NULL, 1, 10, 11, 2, 2, 1),
(1059, 47, NULL, 8, 10, 12, 2, 2, 1),
(1060, 48, NULL, 7, 14, 16, 2, 2, 1),
(1061, 35, NULL, 8, 12, 14, 2, 2, 1),
(1062, 36, NULL, 9, 14, 16, 2, 2, 1),
(1063, 27, NULL, 8, 14, 16, 2, 2, 1),
(1064, 28, NULL, 10, 10, 12, 2, 2, 1),
(1065, 21, NULL, 1, 8, 9, 3, 2, 1),
(1066, 21, NULL, 1, 8, 9, 4, 2, 1),
(1067, 22, NULL, 2, 8, 9.5, 3, 2, 1),
(1068, 22, NULL, 2, 8, 9.5, 4, 2, 1),
(1069, 29, NULL, 2, 8, 9.5, 3, 2, 1),
(1070, 29, NULL, 2, 8, 9.5, 4, 2, 1),
(1071, 30, NULL, 2, 9.5, 11, 3, 2, 1),
(1072, 30, NULL, 2, 9.5, 11, 4, 2, 1),
(1073, 37, NULL, 2, 9.5, 11, 3, 2, 1),
(1074, 37, NULL, 2, 9.5, 11, 4, 2, 1),
(1075, 38, NULL, 1, 9, 10, 3, 2, 1),
(1076, 38, NULL, 1, 9, 10, 4, 2, 1),
(1077, 41, NULL, 1, 9, 10, 3, 2, 1),
(1078, 41, NULL, 1, 9, 10, 4, 2, 1),
(1079, 42, NULL, 1, 10, 11, 3, 2, 1),
(1080, 42, NULL, 1, 10, 11, 4, 2, 1),
(1081, 53, NULL, 7, 14, 16, 3, 2, 1),
(1082, 53, NULL, 7, 14, 16, 4, 2, 1),
(1083, 44, NULL, 10, 10, 12, 3, 2, 1),
(1084, 44, NULL, 10, 10, 12, 4, 2, 1),
(1085, 54, NULL, 6, 10, 12, 3, 2, 1),
(1086, 54, NULL, 6, 10, 12, 4, 2, 1),
(1087, 43, NULL, 6, 12, 14, 3, 2, 1),
(1088, 43, NULL, 6, 12, 14, 4, 2, 1),
(1089, 47, NULL, 8, 10, 12, 3, 2, 1),
(1090, 47, NULL, 8, 10, 12, 4, 2, 1),
(1091, 48, NULL, 7, 14, 16, 3, 2, 1),
(1092, 48, NULL, 7, 14, 16, 4, 2, 1),
(1093, 31, NULL, 9, 14, 16, 3, 2, 1),
(1094, 31, NULL, 9, 14, 16, 4, 2, 1),
(1095, 52, NULL, 6, 14, 16, 3, 2, 1),
(1096, 52, NULL, 6, 14, 16, 4, 2, 1),
(1097, 51, NULL, 10, 12, 14, 3, 2, 1),
(1098, 51, NULL, 10, 12, 14, 4, 2, 1),
(1099, 32, NULL, 10, 14, 16, 3, 2, 1),
(1100, 32, NULL, 10, 14, 16, 4, 2, 1),
(1101, 35, NULL, 8, 12, 14, 3, 2, 1),
(1102, 35, NULL, 8, 12, 14, 4, 2, 1),
(1103, 36, NULL, 9, 14, 16, 3, 2, 1),
(1104, 36, NULL, 9, 14, 16, 4, 2, 1),
(1105, 23, NULL, 8, 10, 12, 3, 2, 1),
(1106, 23, NULL, 8, 10, 12, 4, 2, 1),
(1107, 24, NULL, 8, 12, 14, 3, 2, 1),
(1108, 24, NULL, 8, 12, 14, 4, 2, 1),
(1109, 50, NULL, 8, 14, 16, 3, 2, 1),
(1110, 50, NULL, 8, 14, 16, 4, 2, 1),
(1111, 27, NULL, 8, 14, 16, 3, 2, 1),
(1112, 27, NULL, 8, 14, 16, 4, 2, 1),
(1113, 28, NULL, 10, 10, 12, 3, 2, 1),
(1114, 28, NULL, 10, 10, 12, 4, 2, 1),
(1115, 39, NULL, 1, 8, 9, 2, 2, 1),
(1116, 29, NULL, 1, 9, 10, 2, 2, 1),
(1117, 41, NULL, 1, 10, 11, 2, 2, 1),
(1118, 21, NULL, 2, 8, 9.5, 2, 2, 1),
(1119, 37, NULL, 1, 12, 13, 2, 2, 1),
(1120, 51, NULL, 9, 10, 12, 2, 2, 1),
(1121, 52, NULL, 7, 10, 12, 2, 2, 1),
(1122, 31, NULL, 9, 14, 16, 2, 2, 1),
(1123, 32, NULL, 7, 14, 16, 2, 2, 1),
(1124, 23, NULL, 6, 14, 16, 2, 2, 1),
(1125, 50, NULL, 8, 14, 16, 2, 2, 1),
(1126, 49, NULL, 10, 14, 16, 2, 2, 1),
(1127, 24, NULL, 17, 0, 0, 0, 0, 0),
(1128, 53, NULL, 17, 0, 0, 0, 0, 0),
(1129, 43, NULL, 17, 0, 0, 0, 0, 0),
(1130, 44, NULL, 17, 0, 0, 0, 0, 0),
(1131, 54, NULL, 17, 0, 0, 0, 0, 0),
(1132, 40, NULL, 2, 8, 9.5, 2, 2, 1),
(1133, 30, NULL, 1, 9, 10, 2, 2, 1),
(1134, 42, NULL, 1, 10, 11, 2, 2, 1),
(1135, 22, NULL, 1, 12, 13, 2, 2, 1),
(1136, 38, NULL, 1, 13, 14, 2, 2, 1),
(1137, 36, NULL, 8, 14, 16, 2, 2, 1),
(1138, 35, NULL, 6, 14, 16, 2, 2, 1),
(1139, 28, NULL, 10, 14, 16, 2, 2, 1),
(1140, 27, NULL, 7, 10, 12, 2, 2, 1),
(1141, 48, NULL, 9, 10, 12, 2, 2, 1),
(1142, 47, NULL, 7, 14, 16, 2, 2, 1),
(1143, 29, NULL, 1, 9, 10, 3, 2, 1),
(1144, 29, NULL, 1, 9, 10, 4, 2, 1),
(1145, 30, NULL, 1, 9, 10, 3, 2, 1),
(1146, 30, NULL, 1, 9, 10, 4, 2, 1),
(1147, 41, NULL, 1, 10, 11, 3, 2, 1),
(1148, 41, NULL, 1, 10, 11, 4, 2, 1),
(1149, 42, NULL, 1, 10, 11, 3, 2, 1),
(1150, 42, NULL, 1, 10, 11, 4, 2, 1),
(1151, 21, NULL, 2, 8, 9.5, 3, 2, 1),
(1152, 21, NULL, 2, 8, 9.5, 4, 2, 1),
(1153, 22, NULL, 1, 12, 13, 3, 2, 1),
(1154, 22, NULL, 1, 12, 13, 4, 2, 1),
(1155, 37, NULL, 1, 12, 13, 3, 2, 1),
(1156, 37, NULL, 1, 12, 13, 4, 2, 1),
(1157, 38, NULL, 1, 13, 14, 3, 2, 1),
(1158, 38, NULL, 1, 13, 14, 4, 2, 1),
(1159, 51, NULL, 9, 10, 12, 3, 2, 1),
(1160, 51, NULL, 9, 10, 12, 4, 2, 1),
(1161, 52, NULL, 7, 10, 12, 3, 2, 1),
(1162, 52, NULL, 7, 10, 12, 4, 2, 1),
(1163, 31, NULL, 9, 14, 16, 3, 2, 1),
(1164, 31, NULL, 9, 14, 16, 4, 2, 1),
(1165, 32, NULL, 7, 14, 16, 3, 2, 1),
(1166, 32, NULL, 7, 14, 16, 4, 2, 1),
(1167, 36, NULL, 8, 14, 16, 3, 2, 1),
(1168, 36, NULL, 8, 14, 16, 4, 2, 1),
(1169, 35, NULL, 6, 14, 16, 3, 2, 1),
(1170, 35, NULL, 6, 14, 16, 4, 2, 1),
(1171, 23, NULL, 6, 14, 16, 3, 2, 1),
(1172, 23, NULL, 6, 14, 16, 4, 2, 1),
(1173, 50, NULL, 8, 14, 16, 3, 2, 1),
(1174, 50, NULL, 8, 14, 16, 4, 2, 1),
(1175, 49, NULL, 10, 14, 16, 3, 2, 1),
(1176, 49, NULL, 10, 14, 16, 4, 2, 1),
(1177, 28, NULL, 10, 14, 16, 3, 2, 1),
(1178, 28, NULL, 10, 14, 16, 4, 2, 1),
(1179, 27, NULL, 7, 10, 12, 3, 2, 1),
(1180, 27, NULL, 7, 10, 12, 4, 2, 1),
(1181, 48, NULL, 9, 10, 12, 3, 2, 1),
(1182, 48, NULL, 9, 10, 12, 4, 2, 1),
(1183, 47, NULL, 7, 14, 16, 3, 2, 1),
(1184, 47, NULL, 7, 14, 16, 4, 2, 1),
(1185, 39, NULL, 2, 8, 9.5, 2, 2, 1),
(1186, 21, NULL, 1, 8, 9, 2, 2, 1),
(1187, 37, NULL, 1, 9, 10, 2, 2, 1),
(1188, 29, NULL, 1, 10, 11, 2, 2, 1),
(1189, 41, NULL, 2, 9.5, 11, 2, 2, 1),
(1190, 54, NULL, 10, 12, 14, 2, 2, 1),
(1191, 43, NULL, 6, 12, 14, 2, 2, 1),
(1192, 53, NULL, 6, 14, 16, 2, 2, 1),
(1193, 44, NULL, 7, 14, 16, 2, 2, 1),
(1194, 51, NULL, 9, 14, 16, 2, 2, 1),
(1195, 52, NULL, 8, 12, 14, 2, 2, 1),
(1196, 31, NULL, 8, 14, 16, 2, 2, 1),
(1197, 32, NULL, 10, 14, 16, 2, 2, 1),
(1198, 24, NULL, 17, 0, 0, 0, 0, 0),
(1199, 23, NULL, 17, 0, 0, 0, 0, 0),
(1200, 50, NULL, 17, 0, 0, 0, 0, 0),
(1201, 49, NULL, 17, 0, 0, 0, 0, 0),
(1202, 40, NULL, 2, 9.5, 11, 2, 2, 1),
(1203, 22, NULL, 1, 8, 9, 2, 2, 1),
(1204, 38, NULL, 2, 12.5, 14, 2, 2, 1),
(1205, 30, NULL, 1, 9, 10, 2, 2, 1),
(1206, 42, NULL, 1, 10, 11, 2, 2, 1),
(1207, 48, NULL, 8, 12, 14, 2, 2, 1),
(1208, 47, NULL, 6, 12, 14, 2, 2, 1),
(1209, 35, NULL, 10, 12, 14, 2, 2, 1),
(1210, 36, NULL, 10, 14, 16, 2, 2, 1),
(1211, 27, NULL, 9, 14, 16, 2, 2, 1),
(1212, 28, NULL, 7, 14, 16, 2, 2, 1),
(1213, 21, NULL, 1, 8, 9, 3, 2, 1),
(1214, 21, NULL, 1, 8, 9, 4, 2, 1),
(1215, 22, NULL, 1, 8, 9, 3, 2, 1),
(1216, 22, NULL, 1, 8, 9, 4, 2, 1),
(1217, 37, NULL, 1, 9, 10, 3, 2, 1),
(1218, 37, NULL, 1, 9, 10, 4, 2, 1),
(1219, 38, NULL, 2, 12.5, 14, 3, 2, 1),
(1220, 38, NULL, 2, 12.5, 14, 4, 2, 1),
(1221, 29, NULL, 1, 10, 11, 3, 2, 1),
(1222, 29, NULL, 1, 10, 11, 4, 2, 1),
(1223, 30, NULL, 1, 9, 10, 3, 2, 1),
(1224, 30, NULL, 1, 9, 10, 4, 2, 1),
(1225, 41, NULL, 2, 9.5, 11, 3, 2, 1),
(1226, 41, NULL, 2, 9.5, 11, 4, 2, 1),
(1227, 42, NULL, 1, 10, 11, 3, 2, 1),
(1228, 42, NULL, 1, 10, 11, 4, 2, 1),
(1229, 54, NULL, 10, 12, 14, 3, 2, 1),
(1230, 54, NULL, 10, 12, 14, 4, 2, 1),
(1231, 43, NULL, 6, 12, 14, 3, 2, 1),
(1232, 43, NULL, 6, 12, 14, 4, 2, 1),
(1233, 53, NULL, 6, 14, 16, 3, 2, 1),
(1234, 53, NULL, 6, 14, 16, 4, 2, 1),
(1235, 44, NULL, 7, 14, 16, 3, 2, 1),
(1236, 44, NULL, 7, 14, 16, 4, 2, 1),
(1237, 48, NULL, 8, 12, 14, 3, 2, 1),
(1238, 48, NULL, 8, 12, 14, 4, 2, 1),
(1239, 47, NULL, 6, 12, 14, 3, 2, 1),
(1240, 47, NULL, 6, 12, 14, 4, 2, 1),
(1241, 51, NULL, 9, 14, 16, 3, 2, 1),
(1242, 51, NULL, 9, 14, 16, 4, 2, 1),
(1243, 52, NULL, 8, 12, 14, 3, 2, 1),
(1244, 52, NULL, 8, 12, 14, 4, 2, 1),
(1245, 31, NULL, 8, 14, 16, 3, 2, 1),
(1246, 31, NULL, 8, 14, 16, 4, 2, 1),
(1247, 32, NULL, 10, 14, 16, 3, 2, 1),
(1248, 32, NULL, 10, 14, 16, 4, 2, 1),
(1249, 35, NULL, 10, 12, 14, 3, 2, 1),
(1250, 35, NULL, 10, 12, 14, 4, 2, 1),
(1251, 36, NULL, 10, 14, 16, 3, 2, 1),
(1252, 36, NULL, 10, 14, 16, 4, 2, 1),
(1253, 27, NULL, 9, 14, 16, 3, 2, 1),
(1254, 27, NULL, 9, 14, 16, 4, 2, 1),
(1255, 28, NULL, 7, 14, 16, 3, 2, 1),
(1256, 28, NULL, 7, 14, 16, 4, 2, 1),
(1257, 39, NULL, 2, 8, 9.5, 2, 2, 1),
(1258, 37, NULL, 1, 8, 9, 2, 2, 1),
(1259, 21, NULL, 2, 9.5, 11, 2, 2, 1),
(1260, 41, NULL, 2, 12.5, 14, 2, 2, 1),
(1261, 29, NULL, 1, 9, 10, 2, 2, 1),
(1262, 43, NULL, 10, 10, 12, 2, 2, 1),
(1263, 54, NULL, 9, 14, 16, 2, 2, 1),
(1264, 53, NULL, 6, 10, 12, 2, 2, 1),
(1265, 44, NULL, 6, 12, 14, 2, 2, 1),
(1266, 49, NULL, 6, 14, 16, 2, 2, 1),
(1267, 23, NULL, 10, 12, 14, 2, 2, 1),
(1268, 50, NULL, 10, 14, 16, 2, 2, 1),
(1269, 24, NULL, 7, 14, 16, 2, 2, 1),
(1270, 32, NULL, 8, 10, 12, 2, 2, 1),
(1271, 52, NULL, 8, 12, 14, 2, 2, 1),
(1272, 31, NULL, 8, 14, 16, 2, 2, 1),
(1273, 51, NULL, 17, 0, 0, 0, 0, 0),
(1274, 40, NULL, 1, 8, 9, 2, 2, 1),
(1275, 38, NULL, 2, 9.5, 11, 2, 2, 1),
(1276, 22, NULL, 2, 12.5, 14, 2, 2, 1),
(1277, 42, NULL, 1, 9, 10, 2, 2, 1),
(1278, 30, NULL, 1, 10, 11, 2, 2, 1),
(1279, 47, NULL, 10, 12, 14, 2, 2, 1),
(1280, 48, NULL, 10, 14, 16, 2, 2, 1),
(1281, 27, NULL, 9, 14, 16, 2, 2, 1),
(1282, 28, NULL, 7, 14, 16, 2, 2, 1),
(1283, 36, NULL, 6, 12, 14, 2, 2, 1),
(1284, 35, NULL, 6, 14, 16, 2, 2, 1),
(1285, 37, NULL, 1, 8, 9, 3, 2, 1),
(1286, 37, NULL, 1, 8, 9, 4, 2, 1),
(1287, 38, NULL, 2, 9.5, 11, 3, 2, 1),
(1288, 38, NULL, 2, 9.5, 11, 4, 2, 1),
(1289, 21, NULL, 2, 9.5, 11, 3, 2, 1),
(1290, 21, NULL, 2, 9.5, 11, 4, 2, 1),
(1291, 22, NULL, 2, 12.5, 14, 3, 2, 1),
(1292, 22, NULL, 2, 12.5, 14, 4, 2, 1),
(1293, 41, NULL, 2, 12.5, 14, 3, 2, 1),
(1294, 41, NULL, 2, 12.5, 14, 4, 2, 1),
(1295, 42, NULL, 1, 9, 10, 3, 2, 1),
(1296, 42, NULL, 1, 9, 10, 4, 2, 1),
(1297, 29, NULL, 1, 9, 10, 3, 2, 1),
(1298, 29, NULL, 1, 9, 10, 4, 2, 1),
(1299, 30, NULL, 1, 10, 11, 3, 2, 1),
(1300, 30, NULL, 1, 10, 11, 4, 2, 1),
(1301, 43, NULL, 10, 10, 12, 3, 2, 1),
(1302, 43, NULL, 10, 10, 12, 4, 2, 1),
(1303, 54, NULL, 9, 14, 16, 3, 2, 1),
(1304, 54, NULL, 9, 14, 16, 4, 2, 1),
(1305, 53, NULL, 6, 10, 12, 3, 2, 1),
(1306, 53, NULL, 6, 10, 12, 4, 2, 1),
(1307, 44, NULL, 6, 12, 14, 3, 2, 1),
(1308, 44, NULL, 6, 12, 14, 4, 2, 1),
(1309, 47, NULL, 10, 12, 14, 3, 2, 1),
(1310, 47, NULL, 10, 12, 14, 4, 2, 1),
(1311, 48, NULL, 10, 14, 16, 3, 2, 1),
(1312, 48, NULL, 10, 14, 16, 4, 2, 1),
(1313, 49, NULL, 6, 14, 16, 3, 2, 1),
(1314, 49, NULL, 6, 14, 16, 4, 2, 1),
(1315, 23, NULL, 10, 12, 14, 3, 2, 1),
(1316, 23, NULL, 10, 12, 14, 4, 2, 1),
(1317, 50, NULL, 10, 14, 16, 3, 2, 1),
(1318, 50, NULL, 10, 14, 16, 4, 2, 1),
(1319, 24, NULL, 7, 14, 16, 3, 2, 1),
(1320, 24, NULL, 7, 14, 16, 4, 2, 1),
(1321, 27, NULL, 9, 14, 16, 3, 2, 1),
(1322, 27, NULL, 9, 14, 16, 4, 2, 1),
(1323, 28, NULL, 7, 14, 16, 3, 2, 1),
(1324, 28, NULL, 7, 14, 16, 4, 2, 1),
(1325, 32, NULL, 8, 10, 12, 3, 2, 1),
(1326, 32, NULL, 8, 10, 12, 4, 2, 1),
(1327, 52, NULL, 8, 12, 14, 3, 2, 1),
(1328, 52, NULL, 8, 12, 14, 4, 2, 1),
(1329, 31, NULL, 8, 14, 16, 3, 2, 1),
(1330, 31, NULL, 8, 14, 16, 4, 2, 1),
(1331, 36, NULL, 6, 12, 14, 3, 2, 1),
(1332, 36, NULL, 6, 12, 14, 4, 2, 1),
(1333, 35, NULL, 6, 14, 16, 3, 2, 1),
(1334, 35, NULL, 6, 14, 16, 4, 2, 1),
(1335, 41, NULL, 1, 8, 9, 2, 2, 1),
(1336, 37, NULL, 1, 9, 10, 2, 2, 1),
(1337, 29, NULL, 2, 8, 9.5, 2, 2, 1),
(1338, 21, NULL, 1, 10, 11, 2, 2, 1),
(1339, 39, NULL, 2, 9.5, 11, 2, 2, 1),
(1340, 50, NULL, 6, 12, 14, 2, 2, 1),
(1341, 49, NULL, 10, 12, 14, 2, 2, 1),
(1342, 23, NULL, 6, 14, 16, 2, 2, 1),
(1343, 24, NULL, 7, 14, 16, 2, 2, 1),
(1344, 54, NULL, 10, 14, 16, 2, 2, 1),
(1345, 53, NULL, 8, 12, 14, 2, 2, 1),
(1346, 43, NULL, 8, 14, 16, 2, 2, 1),
(1347, 44, NULL, 9, 14, 16, 2, 2, 1),
(1348, 52, NULL, 9, 12, 14, 2, 2, 1),
(1349, 51, NULL, 17, 0, 0, 0, 0, 0),
(1350, 31, NULL, 17, 0, 0, 0, 0, 0),
(1351, 32, NULL, 17, 0, 0, 0, 0, 0),
(1352, 42, NULL, 2, 8, 9.5, 2, 2, 1),
(1353, 38, NULL, 1, 9, 10, 2, 2, 1),
(1354, 30, NULL, 2, 9.5, 11, 2, 2, 1),
(1355, 22, NULL, 1, 10, 11, 2, 2, 1),
(1356, 40, NULL, 1, 12, 13, 2, 2, 1),
(1357, 28, NULL, 9, 14, 16, 2, 2, 1),
(1358, 27, NULL, 7, 14, 16, 2, 2, 1),
(1359, 48, NULL, 10, 12, 14, 2, 2, 1),
(1360, 47, NULL, 6, 12, 14, 2, 2, 1),
(1361, 35, NULL, 6, 14, 16, 2, 2, 1),
(1362, 36, NULL, 8, 12, 14, 2, 2, 1),
(1363, 41, NULL, 1, 8, 9, 3, 2, 1),
(1364, 41, NULL, 1, 8, 9, 4, 2, 1),
(1365, 42, NULL, 2, 8, 9.5, 3, 2, 1),
(1366, 42, NULL, 2, 8, 9.5, 4, 2, 1),
(1367, 37, NULL, 1, 9, 10, 3, 2, 1),
(1368, 37, NULL, 1, 9, 10, 4, 2, 1),
(1369, 38, NULL, 1, 9, 10, 3, 2, 1),
(1370, 38, NULL, 1, 9, 10, 4, 2, 1),
(1371, 29, NULL, 2, 8, 9.5, 3, 2, 1),
(1372, 29, NULL, 2, 8, 9.5, 4, 2, 1),
(1373, 30, NULL, 2, 9.5, 11, 3, 2, 1),
(1374, 30, NULL, 2, 9.5, 11, 4, 2, 1),
(1375, 21, NULL, 1, 10, 11, 3, 2, 1),
(1376, 21, NULL, 1, 10, 11, 4, 2, 1),
(1377, 22, NULL, 1, 10, 11, 3, 2, 1),
(1378, 22, NULL, 1, 10, 11, 4, 2, 1),
(1379, 50, NULL, 6, 12, 14, 3, 2, 1),
(1380, 50, NULL, 6, 12, 14, 4, 2, 1),
(1381, 49, NULL, 10, 12, 14, 3, 2, 1),
(1382, 49, NULL, 10, 12, 14, 4, 2, 1),
(1383, 23, NULL, 6, 14, 16, 3, 2, 1),
(1384, 23, NULL, 6, 14, 16, 4, 2, 1),
(1385, 24, NULL, 7, 14, 16, 3, 2, 1),
(1386, 24, NULL, 7, 14, 16, 4, 2, 1),
(1387, 28, NULL, 9, 14, 16, 3, 2, 1),
(1388, 28, NULL, 9, 14, 16, 4, 2, 1),
(1389, 27, NULL, 7, 14, 16, 3, 2, 1),
(1390, 27, NULL, 7, 14, 16, 4, 2, 1),
(1391, 54, NULL, 10, 14, 16, 3, 2, 1),
(1392, 54, NULL, 10, 14, 16, 4, 2, 1),
(1393, 53, NULL, 8, 12, 14, 3, 2, 1),
(1394, 53, NULL, 8, 12, 14, 4, 2, 1),
(1395, 43, NULL, 8, 14, 16, 3, 2, 1),
(1396, 43, NULL, 8, 14, 16, 4, 2, 1),
(1397, 44, NULL, 9, 14, 16, 3, 2, 1),
(1398, 44, NULL, 9, 14, 16, 4, 2, 1),
(1399, 48, NULL, 10, 12, 14, 3, 2, 1),
(1400, 48, NULL, 10, 12, 14, 4, 2, 1),
(1401, 47, NULL, 6, 12, 14, 3, 2, 1),
(1402, 47, NULL, 6, 12, 14, 4, 2, 1),
(1403, 52, NULL, 9, 12, 14, 3, 2, 1),
(1404, 52, NULL, 9, 12, 14, 4, 2, 1),
(1405, 35, NULL, 6, 14, 16, 3, 2, 1),
(1406, 35, NULL, 6, 14, 16, 4, 2, 1),
(1407, 36, NULL, 8, 12, 14, 3, 2, 1),
(1408, 36, NULL, 8, 12, 14, 4, 2, 1),
(1409, 21, NULL, 2, 8, 9.5, 2, 2, 1),
(1410, 39, NULL, 1, 8, 9, 2, 2, 1),
(1411, 41, NULL, 1, 9, 10, 2, 2, 1),
(1412, 37, NULL, 2, 9.5, 11, 2, 2, 1),
(1413, 29, NULL, 1, 10, 11, 2, 2, 1),
(1414, 53, NULL, 10, 12, 14, 2, 2, 1);
INSERT INTO `final_table` (`id`, `section_id`, `room_id`, `timeslots_day_id`, `start`, `end`, `major_id`, `level_number`, `semester`) VALUES
(1415, 54, NULL, 7, 14, 16, 2, 2, 1),
(1416, 44, NULL, 9, 14, 16, 2, 2, 1),
(1417, 43, NULL, 6, 12, 14, 2, 2, 1),
(1418, 49, NULL, 8, 12, 14, 2, 2, 1),
(1419, 24, NULL, 8, 14, 16, 2, 2, 1),
(1420, 23, NULL, 6, 14, 16, 2, 2, 1),
(1421, 50, NULL, 10, 14, 16, 2, 2, 1),
(1422, 32, NULL, 17, 0, 0, 0, 0, 0),
(1423, 31, NULL, 17, 0, 0, 0, 0, 0),
(1424, 51, NULL, 17, 0, 0, 0, 0, 0),
(1425, 52, NULL, 17, 0, 0, 0, 0, 0),
(1426, 22, NULL, 2, 9.5, 11, 2, 2, 1),
(1427, 40, NULL, 1, 8, 9, 2, 2, 1),
(1428, 42, NULL, 2, 12.5, 14, 2, 2, 1),
(1429, 38, NULL, 1, 9, 10, 2, 2, 1),
(1430, 30, NULL, 1, 10, 11, 2, 2, 1),
(1431, 48, NULL, 9, 14, 16, 2, 2, 1),
(1432, 47, NULL, 8, 12, 14, 2, 2, 1),
(1433, 27, NULL, 7, 14, 16, 2, 2, 1),
(1434, 28, NULL, 6, 12, 14, 2, 2, 1),
(1435, 35, NULL, 8, 14, 16, 2, 2, 1),
(1436, 36, NULL, 6, 14, 16, 2, 2, 1),
(1437, 21, NULL, 2, 8, 9.5, 3, 2, 1),
(1438, 21, NULL, 2, 8, 9.5, 4, 2, 1),
(1439, 22, NULL, 2, 9.5, 11, 3, 2, 1),
(1440, 22, NULL, 2, 9.5, 11, 4, 2, 1),
(1441, 41, NULL, 1, 9, 10, 3, 2, 1),
(1442, 41, NULL, 1, 9, 10, 4, 2, 1),
(1443, 42, NULL, 2, 12.5, 14, 3, 2, 1),
(1444, 42, NULL, 2, 12.5, 14, 4, 2, 1),
(1445, 37, NULL, 2, 9.5, 11, 3, 2, 1),
(1446, 37, NULL, 2, 9.5, 11, 4, 2, 1),
(1447, 38, NULL, 1, 9, 10, 3, 2, 1),
(1448, 38, NULL, 1, 9, 10, 4, 2, 1),
(1449, 29, NULL, 1, 10, 11, 3, 2, 1),
(1450, 29, NULL, 1, 10, 11, 4, 2, 1),
(1451, 30, NULL, 1, 10, 11, 3, 2, 1),
(1452, 30, NULL, 1, 10, 11, 4, 2, 1),
(1453, 53, NULL, 10, 12, 14, 3, 2, 1),
(1454, 53, NULL, 10, 12, 14, 4, 2, 1),
(1455, 54, NULL, 7, 14, 16, 3, 2, 1),
(1456, 54, NULL, 7, 14, 16, 4, 2, 1),
(1457, 44, NULL, 9, 14, 16, 3, 2, 1),
(1458, 44, NULL, 9, 14, 16, 4, 2, 1),
(1459, 43, NULL, 6, 12, 14, 3, 2, 1),
(1460, 43, NULL, 6, 12, 14, 4, 2, 1),
(1461, 48, NULL, 9, 14, 16, 3, 2, 1),
(1462, 48, NULL, 9, 14, 16, 4, 2, 1),
(1463, 47, NULL, 8, 12, 14, 3, 2, 1),
(1464, 47, NULL, 8, 12, 14, 4, 2, 1),
(1465, 49, NULL, 8, 12, 14, 3, 2, 1),
(1466, 49, NULL, 8, 12, 14, 4, 2, 1),
(1467, 24, NULL, 8, 14, 16, 3, 2, 1),
(1468, 24, NULL, 8, 14, 16, 4, 2, 1),
(1469, 23, NULL, 6, 14, 16, 3, 2, 1),
(1470, 23, NULL, 6, 14, 16, 4, 2, 1),
(1471, 50, NULL, 10, 14, 16, 3, 2, 1),
(1472, 50, NULL, 10, 14, 16, 4, 2, 1),
(1473, 27, NULL, 7, 14, 16, 3, 2, 1),
(1474, 27, NULL, 7, 14, 16, 4, 2, 1),
(1475, 28, NULL, 6, 12, 14, 3, 2, 1),
(1476, 28, NULL, 6, 12, 14, 4, 2, 1),
(1477, 35, NULL, 8, 14, 16, 3, 2, 1),
(1478, 35, NULL, 8, 14, 16, 4, 2, 1),
(1479, 36, NULL, 6, 14, 16, 3, 2, 1),
(1480, 36, NULL, 6, 14, 16, 4, 2, 1),
(1481, 29, NULL, 1, 8, 9, 2, 2, 1),
(1482, 41, NULL, 2, 8, 9.5, 2, 2, 1),
(1483, 37, NULL, 2, 9.5, 11, 2, 2, 1),
(1484, 21, NULL, 1, 9, 10, 2, 2, 1),
(1485, 39, NULL, 2, 12.5, 14, 2, 2, 1),
(1486, 52, NULL, 6, 10, 12, 2, 2, 1),
(1487, 31, NULL, 9, 14, 16, 2, 2, 1),
(1488, 51, NULL, 7, 14, 16, 2, 2, 1),
(1489, 32, NULL, 6, 12, 14, 2, 2, 1),
(1490, 44, NULL, 8, 10, 12, 2, 2, 1),
(1491, 53, NULL, 6, 14, 16, 2, 2, 1),
(1492, 54, NULL, 10, 10, 12, 2, 2, 1),
(1493, 43, NULL, 10, 12, 14, 2, 2, 1),
(1494, 49, NULL, 8, 12, 14, 2, 2, 1),
(1495, 50, NULL, 8, 14, 16, 2, 2, 1),
(1496, 24, NULL, 10, 14, 16, 2, 2, 1),
(1497, 23, NULL, 17, 0, 0, 0, 0, 0),
(1498, 30, NULL, 1, 9, 10, 2, 2, 1),
(1499, 42, NULL, 2, 8, 9.5, 2, 2, 1),
(1500, 38, NULL, 2, 9.5, 11, 2, 2, 1),
(1501, 22, NULL, 1, 10, 11, 2, 2, 1),
(1502, 40, NULL, 1, 12, 13, 2, 2, 1),
(1503, 36, NULL, 7, 14, 16, 2, 2, 1),
(1504, 35, NULL, 10, 12, 14, 2, 2, 1),
(1505, 47, NULL, 10, 14, 16, 2, 2, 1),
(1506, 48, NULL, 6, 12, 14, 2, 2, 1),
(1507, 27, NULL, 9, 14, 16, 2, 2, 1),
(1508, 28, NULL, 8, 12, 14, 2, 2, 1),
(1509, 29, NULL, 1, 8, 9, 3, 2, 1),
(1510, 29, NULL, 1, 8, 9, 4, 2, 1),
(1511, 30, NULL, 1, 9, 10, 3, 2, 1),
(1512, 30, NULL, 1, 9, 10, 4, 2, 1),
(1513, 41, NULL, 2, 8, 9.5, 3, 2, 1),
(1514, 41, NULL, 2, 8, 9.5, 4, 2, 1),
(1515, 42, NULL, 2, 8, 9.5, 3, 2, 1),
(1516, 42, NULL, 2, 8, 9.5, 4, 2, 1),
(1517, 37, NULL, 2, 9.5, 11, 3, 2, 1),
(1518, 37, NULL, 2, 9.5, 11, 4, 2, 1),
(1519, 38, NULL, 2, 9.5, 11, 3, 2, 1),
(1520, 38, NULL, 2, 9.5, 11, 4, 2, 1),
(1521, 21, NULL, 1, 9, 10, 3, 2, 1),
(1522, 21, NULL, 1, 9, 10, 4, 2, 1),
(1523, 22, NULL, 1, 10, 11, 3, 2, 1),
(1524, 22, NULL, 1, 10, 11, 4, 2, 1),
(1525, 52, NULL, 6, 10, 12, 3, 2, 1),
(1526, 52, NULL, 6, 10, 12, 4, 2, 1),
(1527, 31, NULL, 9, 14, 16, 3, 2, 1),
(1528, 31, NULL, 9, 14, 16, 4, 2, 1),
(1529, 51, NULL, 7, 14, 16, 3, 2, 1),
(1530, 51, NULL, 7, 14, 16, 4, 2, 1),
(1531, 32, NULL, 6, 12, 14, 3, 2, 1),
(1532, 32, NULL, 6, 12, 14, 4, 2, 1),
(1533, 36, NULL, 7, 14, 16, 3, 2, 1),
(1534, 36, NULL, 7, 14, 16, 4, 2, 1),
(1535, 35, NULL, 10, 12, 14, 3, 2, 1),
(1536, 35, NULL, 10, 12, 14, 4, 2, 1),
(1537, 44, NULL, 8, 10, 12, 3, 2, 1),
(1538, 44, NULL, 8, 10, 12, 4, 2, 1),
(1539, 53, NULL, 6, 14, 16, 3, 2, 1),
(1540, 53, NULL, 6, 14, 16, 4, 2, 1),
(1541, 54, NULL, 10, 10, 12, 3, 2, 1),
(1542, 54, NULL, 10, 10, 12, 4, 2, 1),
(1543, 43, NULL, 10, 12, 14, 3, 2, 1),
(1544, 43, NULL, 10, 12, 14, 4, 2, 1),
(1545, 47, NULL, 10, 14, 16, 3, 2, 1),
(1546, 47, NULL, 10, 14, 16, 4, 2, 1),
(1547, 48, NULL, 6, 12, 14, 3, 2, 1),
(1548, 48, NULL, 6, 12, 14, 4, 2, 1),
(1549, 49, NULL, 8, 12, 14, 3, 2, 1),
(1550, 49, NULL, 8, 12, 14, 4, 2, 1),
(1551, 50, NULL, 8, 14, 16, 3, 2, 1),
(1552, 50, NULL, 8, 14, 16, 4, 2, 1),
(1553, 24, NULL, 10, 14, 16, 3, 2, 1),
(1554, 24, NULL, 10, 14, 16, 4, 2, 1),
(1555, 27, NULL, 9, 14, 16, 3, 2, 1),
(1556, 27, NULL, 9, 14, 16, 4, 2, 1),
(1557, 28, NULL, 8, 12, 14, 3, 2, 1),
(1558, 28, NULL, 8, 12, 14, 4, 2, 1),
(1559, 39, NULL, 2, 8, 9.5, 2, 2, 1),
(1560, 41, NULL, 1, 8, 9, 2, 2, 1),
(1561, 29, NULL, 1, 9, 10, 2, 2, 1),
(1562, 21, NULL, 1, 10, 11, 2, 2, 1),
(1563, 37, NULL, 1, 12, 13, 2, 2, 1),
(1564, 43, NULL, 10, 14, 16, 2, 2, 1),
(1565, 53, NULL, 7, 10, 12, 2, 2, 1),
(1566, 54, NULL, 9, 10, 12, 2, 2, 1),
(1567, 44, NULL, 6, 14, 16, 2, 2, 1),
(1568, 52, NULL, 8, 14, 16, 2, 2, 1),
(1569, 31, NULL, 9, 14, 16, 2, 2, 1),
(1570, 51, NULL, 7, 14, 16, 2, 2, 1),
(1571, 32, NULL, 17, 0, 0, 0, 0, 0),
(1572, 50, NULL, 17, 0, 0, 0, 0, 0),
(1573, 23, NULL, 17, 0, 0, 0, 0, 0),
(1574, 49, NULL, 17, 0, 0, 0, 0, 0),
(1575, 24, NULL, 17, 0, 0, 0, 0, 0),
(1576, 40, NULL, 2, 9.5, 11, 2, 2, 1),
(1577, 42, NULL, 1, 8, 9, 2, 2, 1),
(1578, 30, NULL, 2, 12.5, 14, 2, 2, 1),
(1579, 22, NULL, 1, 9, 10, 2, 2, 1),
(1580, 38, NULL, 1, 10, 11, 2, 2, 1),
(1581, 47, NULL, 8, 12, 14, 2, 2, 1),
(1582, 48, NULL, 8, 14, 16, 2, 2, 1),
(1583, 35, NULL, 6, 12, 14, 2, 2, 1),
(1584, 36, NULL, 7, 14, 16, 2, 2, 1),
(1585, 27, NULL, 6, 14, 16, 2, 2, 1),
(1586, 28, NULL, 10, 12, 14, 2, 2, 1),
(1587, 41, NULL, 1, 8, 9, 3, 2, 1),
(1588, 41, NULL, 1, 8, 9, 4, 2, 1),
(1589, 42, NULL, 1, 8, 9, 3, 2, 1),
(1590, 42, NULL, 1, 8, 9, 4, 2, 1),
(1591, 29, NULL, 1, 9, 10, 3, 2, 1),
(1592, 29, NULL, 1, 9, 10, 4, 2, 1),
(1593, 30, NULL, 2, 12.5, 14, 3, 2, 1),
(1594, 30, NULL, 2, 12.5, 14, 4, 2, 1),
(1595, 21, NULL, 1, 10, 11, 3, 2, 1),
(1596, 21, NULL, 1, 10, 11, 4, 2, 1),
(1597, 22, NULL, 1, 9, 10, 3, 2, 1),
(1598, 22, NULL, 1, 9, 10, 4, 2, 1),
(1599, 37, NULL, 1, 12, 13, 3, 2, 1),
(1600, 37, NULL, 1, 12, 13, 4, 2, 1),
(1601, 38, NULL, 1, 10, 11, 3, 2, 1),
(1602, 38, NULL, 1, 10, 11, 4, 2, 1),
(1603, 43, NULL, 10, 14, 16, 3, 2, 1),
(1604, 43, NULL, 10, 14, 16, 4, 2, 1),
(1605, 53, NULL, 7, 10, 12, 3, 2, 1),
(1606, 53, NULL, 7, 10, 12, 4, 2, 1),
(1607, 54, NULL, 9, 10, 12, 3, 2, 1),
(1608, 54, NULL, 9, 10, 12, 4, 2, 1),
(1609, 44, NULL, 6, 14, 16, 3, 2, 1),
(1610, 44, NULL, 6, 14, 16, 4, 2, 1),
(1611, 47, NULL, 8, 12, 14, 3, 2, 1),
(1612, 47, NULL, 8, 12, 14, 4, 2, 1),
(1613, 48, NULL, 8, 14, 16, 3, 2, 1),
(1614, 48, NULL, 8, 14, 16, 4, 2, 1),
(1615, 52, NULL, 8, 14, 16, 3, 2, 1),
(1616, 52, NULL, 8, 14, 16, 4, 2, 1),
(1617, 31, NULL, 9, 14, 16, 3, 2, 1),
(1618, 31, NULL, 9, 14, 16, 4, 2, 1),
(1619, 51, NULL, 7, 14, 16, 3, 2, 1),
(1620, 51, NULL, 7, 14, 16, 4, 2, 1),
(1621, 35, NULL, 6, 12, 14, 3, 2, 1),
(1622, 35, NULL, 6, 12, 14, 4, 2, 1),
(1623, 36, NULL, 7, 14, 16, 3, 2, 1),
(1624, 36, NULL, 7, 14, 16, 4, 2, 1),
(1625, 27, NULL, 6, 14, 16, 3, 2, 1),
(1626, 27, NULL, 6, 14, 16, 4, 2, 1),
(1627, 28, NULL, 10, 12, 14, 3, 2, 1),
(1628, 28, NULL, 10, 12, 14, 4, 2, 1),
(1629, 39, NULL, 1, 14, 15, 2, 2, 1),
(1630, 41, NULL, 1, 10, 11, 2, 2, 1),
(1631, 21, NULL, 2, 8, 9.5, 2, 2, 1),
(1632, 29, NULL, 2, 13.5, 15, 2, 2, 1),
(1633, 37, NULL, 1, 15, 16, 2, 2, 1),
(1634, 54, NULL, 7, 12, 14, 2, 2, 1),
(1635, 43, NULL, 17, 0, 0, 0, 0, 0),
(1636, 53, NULL, 17, 0, 0, 0, 0, 0),
(1637, 44, NULL, 17, 0, 0, 0, 0, 0),
(1638, 49, NULL, 17, 0, 0, 0, 0, 0),
(1639, 23, NULL, 17, 0, 0, 0, 0, 0),
(1640, 50, NULL, 17, 0, 0, 0, 0, 0),
(1641, 24, NULL, 17, 0, 0, 0, 0, 0),
(1642, 51, NULL, 17, 0, 0, 0, 0, 0),
(1643, 52, NULL, 17, 0, 0, 0, 0, 0),
(1644, 32, NULL, 17, 0, 0, 0, 0, 0),
(1645, 31, NULL, 17, 0, 0, 0, 0, 0),
(1646, 40, NULL, 2, 12.5, 14, 2, 2, 1),
(1647, 42, NULL, 1, 10, 11, 2, 2, 1),
(1648, 22, NULL, 1, 12, 13, 2, 2, 1),
(1649, 30, NULL, 1, 15, 16, 2, 2, 1),
(1650, 38, NULL, 17, 0, 0, 0, 0, 0),
(1651, 47, NULL, 9, 14, 16, 2, 2, 1),
(1652, 48, NULL, 7, 14, 16, 2, 2, 1),
(1653, 27, NULL, 8, 13, 15, 2, 2, 1),
(1654, 28, NULL, 17, 0, 0, 0, 0, 0),
(1655, 35, NULL, 17, 0, 0, 0, 0, 0),
(1656, 36, NULL, 17, 0, 0, 0, 0, 0),
(1657, 41, NULL, 1, 10, 11, 3, 2, 1),
(1658, 41, NULL, 1, 10, 11, 4, 2, 1),
(1659, 42, NULL, 1, 10, 11, 3, 2, 1),
(1660, 42, NULL, 1, 10, 11, 4, 2, 1),
(1661, 21, NULL, 2, 8, 9.5, 3, 2, 1),
(1662, 21, NULL, 2, 8, 9.5, 4, 2, 1),
(1663, 22, NULL, 1, 12, 13, 3, 2, 1),
(1664, 22, NULL, 1, 12, 13, 4, 2, 1),
(1665, 29, NULL, 2, 13.5, 15, 3, 2, 1),
(1666, 29, NULL, 2, 13.5, 15, 4, 2, 1),
(1667, 30, NULL, 1, 15, 16, 3, 2, 1),
(1668, 30, NULL, 1, 15, 16, 4, 2, 1),
(1669, 37, NULL, 1, 15, 16, 3, 2, 1),
(1670, 37, NULL, 1, 15, 16, 4, 2, 1),
(1671, 54, NULL, 7, 12, 14, 3, 2, 1),
(1672, 54, NULL, 7, 12, 14, 4, 2, 1),
(1673, 47, NULL, 9, 14, 16, 3, 2, 1),
(1674, 47, NULL, 9, 14, 16, 4, 2, 1),
(1675, 48, NULL, 7, 14, 16, 3, 2, 1),
(1676, 48, NULL, 7, 14, 16, 4, 2, 1),
(1677, 27, NULL, 8, 13, 15, 3, 2, 1),
(1678, 27, NULL, 8, 13, 15, 4, 2, 1),
(1679, 39, NULL, 2, 8, 9.5, 2, 2, 1),
(1680, 37, NULL, 2, 13.5, 15, 2, 2, 1),
(1681, 41, NULL, 1, 15, 16, 2, 2, 1),
(1682, 21, NULL, 1, 13, 14, 2, 2, 1),
(1683, 29, NULL, 17, 0, 0, 0, 0, 0),
(1684, 31, NULL, 9, 14, 16, 2, 2, 1),
(1685, 51, NULL, 8, 14, 16, 2, 2, 1),
(1686, 32, NULL, 17, 0, 0, 0, 0, 0),
(1687, 52, NULL, 17, 0, 0, 0, 0, 0),
(1688, 50, NULL, 17, 0, 0, 0, 0, 0),
(1689, 49, NULL, 17, 0, 0, 0, 0, 0),
(1690, 23, NULL, 17, 0, 0, 0, 0, 0),
(1691, 24, NULL, 17, 0, 0, 0, 0, 0),
(1692, 44, NULL, 17, 0, 0, 0, 0, 0),
(1693, 43, NULL, 17, 0, 0, 0, 0, 0),
(1694, 53, NULL, 17, 0, 0, 0, 0, 0),
(1695, 54, NULL, 17, 0, 0, 0, 0, 0),
(1696, 40, NULL, 2, 12.5, 14, 2, 2, 1),
(1697, 38, NULL, 1, 8, 9, 2, 2, 1),
(1698, 42, NULL, 1, 13, 14, 2, 2, 1),
(1699, 22, NULL, 1, 14, 15, 2, 2, 1),
(1700, 30, NULL, 1, 15, 16, 2, 2, 1),
(1701, 36, NULL, 7, 14, 16, 2, 2, 1),
(1702, 35, NULL, 9, 14, 16, 2, 2, 1),
(1703, 28, NULL, 17, 0, 0, 0, 0, 0),
(1704, 27, NULL, 17, 0, 0, 0, 0, 0),
(1705, 48, NULL, 17, 0, 0, 0, 0, 0),
(1706, 47, NULL, 17, 0, 0, 0, 0, 0),
(1707, 37, NULL, 2, 13.5, 15, 3, 2, 1),
(1708, 37, NULL, 2, 13.5, 15, 4, 2, 1),
(1709, 38, NULL, 1, 8, 9, 3, 2, 1),
(1710, 38, NULL, 1, 8, 9, 4, 2, 1),
(1711, 41, NULL, 1, 15, 16, 3, 2, 1),
(1712, 41, NULL, 1, 15, 16, 4, 2, 1),
(1713, 42, NULL, 1, 13, 14, 3, 2, 1),
(1714, 42, NULL, 1, 13, 14, 4, 2, 1),
(1715, 21, NULL, 1, 13, 14, 3, 2, 1),
(1716, 21, NULL, 1, 13, 14, 4, 2, 1),
(1717, 22, NULL, 1, 14, 15, 3, 2, 1),
(1718, 22, NULL, 1, 14, 15, 4, 2, 1),
(1719, 30, NULL, 1, 15, 16, 3, 2, 1),
(1720, 30, NULL, 1, 15, 16, 4, 2, 1),
(1721, 31, NULL, 9, 14, 16, 3, 2, 1),
(1722, 31, NULL, 9, 14, 16, 4, 2, 1),
(1723, 51, NULL, 8, 14, 16, 3, 2, 1),
(1724, 51, NULL, 8, 14, 16, 4, 2, 1),
(1725, 36, NULL, 7, 14, 16, 3, 2, 1),
(1726, 36, NULL, 7, 14, 16, 4, 2, 1),
(1727, 35, NULL, 9, 14, 16, 3, 2, 1),
(1728, 35, NULL, 9, 14, 16, 4, 2, 1),
(1729, 21, NULL, 1, 9, 10, 2, 2, 1),
(1730, 37, NULL, 1, 15, 16, 2, 2, 1),
(1731, 41, NULL, 2, 8, 9.5, 2, 2, 1),
(1732, 39, NULL, 2, 12.5, 14, 2, 2, 1),
(1733, 29, NULL, 2, 9.5, 11, 2, 2, 1),
(1734, 53, NULL, 6, 10, 12, 2, 2, 1),
(1735, 44, NULL, 8, 12, 14, 2, 2, 1),
(1736, 43, NULL, 7, 14, 16, 2, 2, 1),
(1737, 54, NULL, 8, 10, 12, 2, 2, 1),
(1738, 51, NULL, 9, 14, 16, 2, 2, 1),
(1739, 31, NULL, 10, 10, 12, 2, 2, 1),
(1740, 32, NULL, 6, 13, 15, 2, 2, 1),
(1741, 52, NULL, 10, 12, 14, 2, 2, 1),
(1742, 23, NULL, 17, 0, 0, 0, 0, 0),
(1743, 24, NULL, 17, 0, 0, 0, 0, 0),
(1744, 50, NULL, 17, 0, 0, 0, 0, 0),
(1745, 49, NULL, 17, 0, 0, 0, 0, 0),
(1746, 22, NULL, 1, 10, 11, 2, 2, 1),
(1747, 38, NULL, 2, 13.5, 15, 2, 2, 1),
(1748, 42, NULL, 2, 8, 9.5, 2, 2, 1),
(1749, 40, NULL, 1, 8, 9, 2, 2, 1),
(1750, 30, NULL, 1, 13, 14, 2, 2, 1),
(1751, 47, NULL, 7, 10, 12, 2, 2, 1),
(1752, 48, NULL, 8, 14, 16, 2, 2, 1),
(1753, 35, NULL, 6, 14, 16, 2, 2, 1),
(1754, 36, NULL, 8, 12, 14, 2, 2, 1),
(1755, 28, NULL, 9, 10, 12, 2, 2, 1),
(1756, 27, NULL, 10, 14, 16, 2, 2, 1),
(1757, 21, NULL, 1, 9, 10, 3, 2, 1),
(1758, 21, NULL, 1, 9, 10, 4, 2, 1),
(1759, 22, NULL, 1, 10, 11, 3, 2, 1),
(1760, 22, NULL, 1, 10, 11, 4, 2, 1),
(1761, 37, NULL, 1, 15, 16, 3, 2, 1),
(1762, 37, NULL, 1, 15, 16, 4, 2, 1),
(1763, 38, NULL, 2, 13.5, 15, 3, 2, 1),
(1764, 38, NULL, 2, 13.5, 15, 4, 2, 1),
(1765, 41, NULL, 2, 8, 9.5, 3, 2, 1),
(1766, 41, NULL, 2, 8, 9.5, 4, 2, 1),
(1767, 42, NULL, 2, 8, 9.5, 3, 2, 1),
(1768, 42, NULL, 2, 8, 9.5, 4, 2, 1),
(1769, 29, NULL, 2, 9.5, 11, 3, 2, 1),
(1770, 29, NULL, 2, 9.5, 11, 4, 2, 1),
(1771, 30, NULL, 1, 13, 14, 3, 2, 1),
(1772, 30, NULL, 1, 13, 14, 4, 2, 1),
(1773, 53, NULL, 6, 10, 12, 3, 2, 1),
(1774, 53, NULL, 6, 10, 12, 4, 2, 1),
(1775, 44, NULL, 8, 12, 14, 3, 2, 1),
(1776, 44, NULL, 8, 12, 14, 4, 2, 1),
(1777, 43, NULL, 7, 14, 16, 3, 2, 1),
(1778, 43, NULL, 7, 14, 16, 4, 2, 1),
(1779, 54, NULL, 8, 10, 12, 3, 2, 1),
(1780, 54, NULL, 8, 10, 12, 4, 2, 1),
(1781, 47, NULL, 7, 10, 12, 3, 2, 1),
(1782, 47, NULL, 7, 10, 12, 4, 2, 1),
(1783, 48, NULL, 8, 14, 16, 3, 2, 1),
(1784, 48, NULL, 8, 14, 16, 4, 2, 1),
(1785, 51, NULL, 9, 14, 16, 3, 2, 1),
(1786, 51, NULL, 9, 14, 16, 4, 2, 1),
(1787, 31, NULL, 10, 10, 12, 3, 2, 1),
(1788, 31, NULL, 10, 10, 12, 4, 2, 1),
(1789, 32, NULL, 6, 13, 15, 3, 2, 1),
(1790, 32, NULL, 6, 13, 15, 4, 2, 1),
(1791, 52, NULL, 10, 12, 14, 3, 2, 1),
(1792, 52, NULL, 10, 12, 14, 4, 2, 1),
(1793, 35, NULL, 6, 14, 16, 3, 2, 1),
(1794, 35, NULL, 6, 14, 16, 4, 2, 1),
(1795, 36, NULL, 8, 12, 14, 3, 2, 1),
(1796, 36, NULL, 8, 12, 14, 4, 2, 1),
(1797, 28, NULL, 9, 10, 12, 3, 2, 1),
(1798, 28, NULL, 9, 10, 12, 4, 2, 1),
(1799, 27, NULL, 10, 14, 16, 3, 2, 1),
(1800, 27, NULL, 10, 14, 16, 4, 2, 1),
(1801, 21, NULL, 1, 9, 10, 2, 2, 1),
(1802, 29, NULL, 2, 9.5, 11, 2, 2, 1),
(1803, 41, NULL, 1, 10, 11, 2, 2, 1),
(1804, 37, NULL, 2, 8, 9.5, 2, 2, 1),
(1805, 39, NULL, 1, 13, 14, 2, 2, 1),
(1806, 32, NULL, 8, 14, 16, 2, 2, 1),
(1807, 52, NULL, 9, 14, 16, 2, 2, 1),
(1808, 51, NULL, 6, 14, 16, 2, 2, 1),
(1809, 31, NULL, 10, 14, 16, 2, 2, 1),
(1810, 53, NULL, 9, 12, 14, 2, 2, 1),
(1811, 44, NULL, 7, 12, 14, 2, 2, 1),
(1812, 43, NULL, 7, 14, 16, 2, 2, 1),
(1813, 54, NULL, 17, 0, 0, 0, 0, 0),
(1814, 24, NULL, 17, 0, 0, 0, 0, 0),
(1815, 49, NULL, 17, 0, 0, 0, 0, 0),
(1816, 50, NULL, 17, 0, 0, 0, 0, 0),
(1817, 23, NULL, 17, 0, 0, 0, 0, 0),
(1818, 22, NULL, 2, 8, 9.5, 2, 2, 1),
(1819, 30, NULL, 1, 13, 14, 2, 2, 1),
(1820, 42, NULL, 2, 13.5, 15, 2, 2, 1),
(1821, 38, NULL, 1, 14, 15, 2, 2, 1),
(1822, 40, NULL, 1, 15, 16, 2, 2, 1),
(1823, 35, NULL, 9, 10, 12, 2, 2, 1),
(1824, 36, NULL, 6, 9, 11, 2, 2, 1),
(1825, 47, NULL, 7, 10, 12, 2, 2, 1),
(1826, 48, NULL, 8, 9, 11, 2, 2, 1),
(1827, 27, NULL, 9, 14, 16, 2, 2, 1),
(1828, 28, NULL, 8, 10, 12, 2, 2, 1),
(1829, 21, NULL, 1, 9, 10, 3, 2, 1),
(1830, 21, NULL, 1, 9, 10, 4, 2, 1),
(1831, 22, NULL, 2, 8, 9.5, 3, 2, 1),
(1832, 22, NULL, 2, 8, 9.5, 4, 2, 1),
(1833, 29, NULL, 2, 9.5, 11, 3, 2, 1),
(1834, 29, NULL, 2, 9.5, 11, 4, 2, 1),
(1835, 30, NULL, 1, 13, 14, 3, 2, 1),
(1836, 30, NULL, 1, 13, 14, 4, 2, 1),
(1837, 41, NULL, 1, 10, 11, 3, 2, 1),
(1838, 41, NULL, 1, 10, 11, 4, 2, 1),
(1839, 42, NULL, 2, 13.5, 15, 3, 2, 1),
(1840, 42, NULL, 2, 13.5, 15, 4, 2, 1),
(1841, 37, NULL, 2, 8, 9.5, 3, 2, 1),
(1842, 37, NULL, 2, 8, 9.5, 4, 2, 1),
(1843, 38, NULL, 1, 14, 15, 3, 2, 1),
(1844, 38, NULL, 1, 14, 15, 4, 2, 1),
(1845, 32, NULL, 8, 14, 16, 3, 2, 1),
(1846, 32, NULL, 8, 14, 16, 4, 2, 1),
(1847, 52, NULL, 9, 14, 16, 3, 2, 1),
(1848, 52, NULL, 9, 14, 16, 4, 2, 1),
(1849, 51, NULL, 6, 14, 16, 3, 2, 1),
(1850, 51, NULL, 6, 14, 16, 4, 2, 1),
(1851, 31, NULL, 10, 14, 16, 3, 2, 1),
(1852, 31, NULL, 10, 14, 16, 4, 2, 1),
(1853, 35, NULL, 9, 10, 12, 3, 2, 1),
(1854, 35, NULL, 9, 10, 12, 4, 2, 1),
(1855, 36, NULL, 6, 9, 11, 3, 2, 1),
(1856, 36, NULL, 6, 9, 11, 4, 2, 1),
(1857, 53, NULL, 9, 12, 14, 3, 2, 1),
(1858, 53, NULL, 9, 12, 14, 4, 2, 1),
(1859, 44, NULL, 7, 12, 14, 3, 2, 1),
(1860, 44, NULL, 7, 12, 14, 4, 2, 1),
(1861, 43, NULL, 7, 14, 16, 3, 2, 1),
(1862, 43, NULL, 7, 14, 16, 4, 2, 1),
(1863, 47, NULL, 7, 10, 12, 3, 2, 1),
(1864, 47, NULL, 7, 10, 12, 4, 2, 1),
(1865, 48, NULL, 8, 9, 11, 3, 2, 1),
(1866, 48, NULL, 8, 9, 11, 4, 2, 1),
(1867, 27, NULL, 9, 14, 16, 3, 2, 1),
(1868, 27, NULL, 9, 14, 16, 4, 2, 1),
(1869, 28, NULL, 8, 10, 12, 3, 2, 1),
(1870, 28, NULL, 8, 10, 12, 4, 2, 1),
(1871, 39, NULL, 1, 14, 15, 2, 2, 1),
(1872, 21, NULL, 1, 13, 14, 2, 2, 1),
(1873, 41, NULL, 2, 9.5, 11, 2, 2, 1),
(1874, 29, NULL, 2, 13.5, 15, 2, 2, 1),
(1875, 37, NULL, 2, 8, 9.5, 2, 2, 1),
(1876, 24, NULL, 10, 10, 12, 2, 2, 1),
(1877, 50, NULL, 10, 8, 10, 2, 2, 1),
(1878, 23, NULL, 8, 10, 12, 2, 2, 1),
(1879, 49, NULL, 6, 10, 12, 2, 2, 1),
(1880, 54, NULL, 6, 8, 10, 2, 2, 1),
(1881, 43, NULL, 8, 8, 10, 2, 2, 1),
(1882, 44, NULL, 17, 0, 0, 0, 0, 0),
(1883, 53, NULL, 17, 0, 0, 0, 0, 0),
(1884, 51, NULL, 17, 0, 0, 0, 0, 0),
(1885, 31, NULL, 17, 0, 0, 0, 0, 0),
(1886, 52, NULL, 17, 0, 0, 0, 0, 0),
(1887, 32, NULL, 17, 0, 0, 0, 0, 0),
(1888, 40, NULL, 2, 8, 9.5, 2, 2, 1),
(1889, 22, NULL, 2, 12.5, 14, 2, 2, 1),
(1890, 42, NULL, 1, 12, 13, 2, 2, 1),
(1891, 30, NULL, 1, 13, 14, 2, 2, 1),
(1892, 38, NULL, 1, 10, 11, 2, 2, 1),
(1893, 27, NULL, 9, 10, 12, 2, 2, 1),
(1894, 28, NULL, 9, 14, 16, 2, 2, 1),
(1895, 47, NULL, 10, 14, 16, 2, 2, 1),
(1896, 48, NULL, 6, 8, 10, 2, 2, 1),
(1897, 36, NULL, 7, 10, 12, 2, 2, 1),
(1898, 35, NULL, 6, 14, 16, 2, 2, 1),
(1899, 21, NULL, 1, 13, 14, 3, 2, 1),
(1900, 21, NULL, 1, 13, 14, 4, 2, 1),
(1901, 22, NULL, 2, 12.5, 14, 3, 2, 1),
(1902, 22, NULL, 2, 12.5, 14, 4, 2, 1),
(1903, 41, NULL, 2, 9.5, 11, 3, 2, 1),
(1904, 41, NULL, 2, 9.5, 11, 4, 2, 1),
(1905, 42, NULL, 1, 12, 13, 3, 2, 1),
(1906, 42, NULL, 1, 12, 13, 4, 2, 1),
(1907, 29, NULL, 2, 13.5, 15, 3, 2, 1),
(1908, 29, NULL, 2, 13.5, 15, 4, 2, 1),
(1909, 30, NULL, 1, 13, 14, 3, 2, 1),
(1910, 30, NULL, 1, 13, 14, 4, 2, 1),
(1911, 37, NULL, 2, 8, 9.5, 3, 2, 1),
(1912, 37, NULL, 2, 8, 9.5, 4, 2, 1),
(1913, 38, NULL, 1, 10, 11, 3, 2, 1),
(1914, 38, NULL, 1, 10, 11, 4, 2, 1),
(1915, 24, NULL, 10, 10, 12, 3, 2, 1),
(1916, 24, NULL, 10, 10, 12, 4, 2, 1),
(1917, 50, NULL, 10, 8, 10, 3, 2, 1),
(1918, 50, NULL, 10, 8, 10, 4, 2, 1),
(1919, 23, NULL, 8, 10, 12, 3, 2, 1),
(1920, 23, NULL, 8, 10, 12, 4, 2, 1),
(1921, 49, NULL, 6, 10, 12, 3, 2, 1),
(1922, 49, NULL, 6, 10, 12, 4, 2, 1),
(1923, 27, NULL, 9, 10, 12, 3, 2, 1),
(1924, 27, NULL, 9, 10, 12, 4, 2, 1),
(1925, 28, NULL, 9, 14, 16, 3, 2, 1),
(1926, 28, NULL, 9, 14, 16, 4, 2, 1),
(1927, 54, NULL, 6, 8, 10, 3, 2, 1),
(1928, 54, NULL, 6, 8, 10, 4, 2, 1),
(1929, 43, NULL, 8, 8, 10, 3, 2, 1),
(1930, 43, NULL, 8, 8, 10, 4, 2, 1),
(1931, 47, NULL, 10, 14, 16, 3, 2, 1),
(1932, 47, NULL, 10, 14, 16, 4, 2, 1),
(1933, 48, NULL, 6, 8, 10, 3, 2, 1),
(1934, 48, NULL, 6, 8, 10, 4, 2, 1),
(1935, 36, NULL, 7, 10, 12, 3, 2, 1),
(1936, 36, NULL, 7, 10, 12, 4, 2, 1),
(1937, 35, NULL, 6, 14, 16, 3, 2, 1),
(1938, 35, NULL, 6, 14, 16, 4, 2, 1),
(1939, 29, NULL, 2, 12.5, 14, 2, 2, 1),
(1940, 21, NULL, 2, 9.5, 11, 2, 2, 1),
(1941, 39, NULL, 1, 9, 10, 2, 2, 1),
(1942, 37, NULL, 1, 12, 13, 2, 2, 1),
(1943, 41, NULL, 2, 8, 9.5, 2, 2, 1),
(1944, 23, NULL, 6, 13, 15, 2, 2, 1),
(1945, 50, NULL, 10, 13, 15, 2, 2, 1),
(1946, 49, NULL, 6, 10, 12, 2, 2, 1),
(1947, 24, NULL, 8, 14, 16, 2, 2, 1),
(1948, 53, NULL, 7, 14, 16, 2, 2, 1),
(1949, 44, NULL, 8, 13, 15, 2, 2, 1),
(1950, 54, NULL, 10, 10, 12, 2, 2, 1),
(1951, 43, NULL, 9, 14, 16, 2, 2, 1),
(1952, 52, NULL, 8, 10, 12, 2, 2, 1),
(1953, 31, NULL, 17, 0, 0, 0, 0, 0),
(1954, 51, NULL, 17, 0, 0, 0, 0, 0),
(1955, 32, NULL, 17, 0, 0, 0, 0, 0),
(1956, 30, NULL, 1, 9, 10, 2, 2, 1),
(1957, 22, NULL, 1, 14, 15, 2, 2, 1),
(1958, 40, NULL, 1, 13, 14, 2, 2, 1),
(1959, 38, NULL, 1, 12, 13, 2, 2, 1),
(1960, 42, NULL, 2, 8, 9.5, 2, 2, 1),
(1961, 27, NULL, 8, 10, 12, 2, 2, 1),
(1962, 28, NULL, 6, 10, 12, 2, 2, 1),
(1963, 47, NULL, 7, 10, 12, 2, 2, 1),
(1964, 48, NULL, 7, 14, 16, 2, 2, 1),
(1965, 35, NULL, 7, 12, 14, 2, 2, 1),
(1966, 36, NULL, 10, 14, 16, 2, 2, 1),
(1967, 29, NULL, 2, 12.5, 14, 3, 2, 1),
(1968, 29, NULL, 2, 12.5, 14, 4, 2, 1),
(1969, 30, NULL, 1, 9, 10, 3, 2, 1),
(1970, 30, NULL, 1, 9, 10, 4, 2, 1),
(1971, 21, NULL, 2, 9.5, 11, 3, 2, 1),
(1972, 21, NULL, 2, 9.5, 11, 4, 2, 1),
(1973, 22, NULL, 1, 14, 15, 3, 2, 1),
(1974, 22, NULL, 1, 14, 15, 4, 2, 1),
(1975, 37, NULL, 1, 12, 13, 3, 2, 1),
(1976, 37, NULL, 1, 12, 13, 4, 2, 1),
(1977, 38, NULL, 1, 12, 13, 3, 2, 1),
(1978, 38, NULL, 1, 12, 13, 4, 2, 1),
(1979, 41, NULL, 2, 8, 9.5, 3, 2, 1),
(1980, 41, NULL, 2, 8, 9.5, 4, 2, 1),
(1981, 42, NULL, 2, 8, 9.5, 3, 2, 1),
(1982, 42, NULL, 2, 8, 9.5, 4, 2, 1),
(1983, 23, NULL, 6, 13, 15, 3, 2, 1),
(1984, 23, NULL, 6, 13, 15, 4, 2, 1),
(1985, 50, NULL, 10, 13, 15, 3, 2, 1),
(1986, 50, NULL, 10, 13, 15, 4, 2, 1),
(1987, 49, NULL, 6, 10, 12, 3, 2, 1),
(1988, 49, NULL, 6, 10, 12, 4, 2, 1),
(1989, 24, NULL, 8, 14, 16, 3, 2, 1),
(1990, 24, NULL, 8, 14, 16, 4, 2, 1),
(1991, 27, NULL, 8, 10, 12, 3, 2, 1),
(1992, 27, NULL, 8, 10, 12, 4, 2, 1),
(1993, 28, NULL, 6, 10, 12, 3, 2, 1),
(1994, 28, NULL, 6, 10, 12, 4, 2, 1),
(1995, 53, NULL, 7, 14, 16, 3, 2, 1),
(1996, 53, NULL, 7, 14, 16, 4, 2, 1),
(1997, 44, NULL, 8, 13, 15, 3, 2, 1),
(1998, 44, NULL, 8, 13, 15, 4, 2, 1),
(1999, 54, NULL, 10, 10, 12, 3, 2, 1),
(2000, 54, NULL, 10, 10, 12, 4, 2, 1),
(2001, 43, NULL, 9, 14, 16, 3, 2, 1),
(2002, 43, NULL, 9, 14, 16, 4, 2, 1),
(2003, 47, NULL, 7, 10, 12, 3, 2, 1),
(2004, 47, NULL, 7, 10, 12, 4, 2, 1),
(2005, 48, NULL, 7, 14, 16, 3, 2, 1),
(2006, 48, NULL, 7, 14, 16, 4, 2, 1),
(2007, 52, NULL, 8, 10, 12, 3, 2, 1),
(2008, 52, NULL, 8, 10, 12, 4, 2, 1),
(2009, 35, NULL, 7, 12, 14, 3, 2, 1),
(2010, 35, NULL, 7, 12, 14, 4, 2, 1),
(2011, 36, NULL, 10, 14, 16, 3, 2, 1),
(2012, 36, NULL, 10, 14, 16, 4, 2, 1),
(2013, 41, NULL, 2, 8, 9.5, 2, 2, 1),
(2014, 29, NULL, 1, 8, 9, 2, 2, 1),
(2015, 39, NULL, 2, 13.5, 15, 2, 2, 1),
(2016, 37, NULL, 1, 15, 16, 2, 2, 1),
(2017, 21, NULL, 2, 9.5, 11, 2, 2, 1),
(2018, 32, NULL, 6, 10, 12, 2, 2, 1),
(2019, 51, NULL, 8, 10, 12, 2, 2, 1),
(2020, 52, NULL, 10, 13, 15, 2, 2, 1),
(2021, 31, NULL, 6, 13, 15, 2, 2, 1),
(2022, 24, NULL, 8, 12, 14, 2, 2, 1),
(2023, 49, NULL, 10, 12, 14, 2, 2, 1),
(2024, 23, NULL, 10, 9, 11, 2, 2, 1),
(2025, 50, NULL, 17, 0, 0, 0, 0, 0),
(2026, 43, NULL, 17, 0, 0, 0, 0, 0),
(2027, 54, NULL, 17, 0, 0, 0, 0, 0),
(2028, 44, NULL, 17, 0, 0, 0, 0, 0),
(2029, 53, NULL, 17, 0, 0, 0, 0, 0),
(2030, 42, NULL, 1, 14, 15, 2, 2, 1),
(2031, 30, NULL, 2, 9.5, 11, 2, 2, 1),
(2032, 40, NULL, 2, 13.5, 15, 2, 2, 1),
(2033, 38, NULL, 1, 9, 10, 2, 2, 1),
(2034, 22, NULL, 1, 15, 16, 2, 2, 1),
(2035, 36, NULL, 8, 10, 12, 2, 2, 1),
(2036, 35, NULL, 8, 12, 14, 2, 2, 1),
(2037, 27, NULL, 6, 10, 12, 2, 2, 1),
(2038, 28, NULL, 6, 12, 14, 2, 2, 1),
(2039, 47, NULL, 9, 12, 14, 2, 2, 1),
(2040, 48, NULL, 10, 10, 12, 2, 2, 1),
(2041, 41, NULL, 2, 8, 9.5, 3, 2, 1),
(2042, 41, NULL, 2, 8, 9.5, 4, 2, 1),
(2043, 42, NULL, 1, 14, 15, 3, 2, 1),
(2044, 42, NULL, 1, 14, 15, 4, 2, 1),
(2045, 29, NULL, 1, 8, 9, 3, 2, 1),
(2046, 29, NULL, 1, 8, 9, 4, 2, 1),
(2047, 30, NULL, 2, 9.5, 11, 3, 2, 1),
(2048, 30, NULL, 2, 9.5, 11, 4, 2, 1),
(2049, 37, NULL, 1, 15, 16, 3, 2, 1),
(2050, 37, NULL, 1, 15, 16, 4, 2, 1),
(2051, 38, NULL, 1, 9, 10, 3, 2, 1),
(2052, 38, NULL, 1, 9, 10, 4, 2, 1),
(2053, 21, NULL, 2, 9.5, 11, 3, 2, 1),
(2054, 21, NULL, 2, 9.5, 11, 4, 2, 1),
(2055, 22, NULL, 1, 15, 16, 3, 2, 1),
(2056, 22, NULL, 1, 15, 16, 4, 2, 1),
(2057, 32, NULL, 6, 10, 12, 3, 2, 1),
(2058, 32, NULL, 6, 10, 12, 4, 2, 1),
(2059, 51, NULL, 8, 10, 12, 3, 2, 1),
(2060, 51, NULL, 8, 10, 12, 4, 2, 1),
(2061, 52, NULL, 10, 13, 15, 3, 2, 1),
(2062, 52, NULL, 10, 13, 15, 4, 2, 1),
(2063, 31, NULL, 6, 13, 15, 3, 2, 1),
(2064, 31, NULL, 6, 13, 15, 4, 2, 1),
(2065, 36, NULL, 8, 10, 12, 3, 2, 1),
(2066, 36, NULL, 8, 10, 12, 4, 2, 1),
(2067, 35, NULL, 8, 12, 14, 3, 2, 1),
(2068, 35, NULL, 8, 12, 14, 4, 2, 1),
(2069, 24, NULL, 8, 12, 14, 3, 2, 1),
(2070, 24, NULL, 8, 12, 14, 4, 2, 1),
(2071, 49, NULL, 10, 12, 14, 3, 2, 1),
(2072, 49, NULL, 10, 12, 14, 4, 2, 1),
(2073, 23, NULL, 10, 9, 11, 3, 2, 1),
(2074, 23, NULL, 10, 9, 11, 4, 2, 1),
(2075, 27, NULL, 6, 10, 12, 3, 2, 1),
(2076, 27, NULL, 6, 10, 12, 4, 2, 1),
(2077, 28, NULL, 6, 12, 14, 3, 2, 1),
(2078, 28, NULL, 6, 12, 14, 4, 2, 1),
(2079, 47, NULL, 9, 12, 14, 3, 2, 1),
(2080, 47, NULL, 9, 12, 14, 4, 2, 1),
(2081, 48, NULL, 10, 10, 12, 3, 2, 1),
(2082, 48, NULL, 10, 10, 12, 4, 2, 1),
(2083, 29, NULL, 2, 8, 9.5, 2, 2, 1),
(2084, 37, NULL, 1, 10, 11, 2, 2, 1),
(2085, 41, NULL, 2, 13.5, 15, 2, 2, 1),
(2086, 21, NULL, 1, 14, 15, 2, 2, 1),
(2087, 39, NULL, 2, 9.5, 11, 2, 2, 1),
(2088, 52, NULL, 8, 8, 10, 2, 2, 1),
(2089, 31, NULL, 10, 12, 14, 2, 2, 1),
(2090, 32, NULL, 9, 10, 12, 2, 2, 1),
(2091, 51, NULL, 10, 8, 10, 2, 2, 1),
(2092, 24, NULL, 6, 12, 14, 2, 2, 1),
(2093, 23, NULL, 6, 8, 10, 2, 2, 1),
(2094, 49, NULL, 8, 12, 14, 2, 2, 1),
(2095, 50, NULL, 17, 0, 0, 0, 0, 0),
(2096, 53, NULL, 17, 0, 0, 0, 0, 0),
(2097, 54, NULL, 17, 0, 0, 0, 0, 0),
(2098, 43, NULL, 17, 0, 0, 0, 0, 0),
(2099, 44, NULL, 17, 0, 0, 0, 0, 0),
(2100, 30, NULL, 2, 12.5, 14, 2, 2, 1),
(2101, 38, NULL, 2, 9.5, 11, 2, 2, 1),
(2102, 42, NULL, 1, 15, 16, 2, 2, 1),
(2103, 22, NULL, 1, 8, 9, 2, 2, 1),
(2104, 40, NULL, 1, 12, 13, 2, 2, 1),
(2105, 35, NULL, 7, 14, 16, 2, 2, 1),
(2106, 36, NULL, 6, 9, 11, 2, 2, 1),
(2107, 28, NULL, 6, 13, 15, 2, 2, 1),
(2108, 27, NULL, 10, 14, 16, 2, 2, 1),
(2109, 47, NULL, 10, 9, 11, 2, 2, 1),
(2110, 48, NULL, 9, 14, 16, 2, 2, 1),
(2111, 29, NULL, 2, 8, 9.5, 3, 2, 1),
(2112, 29, NULL, 2, 8, 9.5, 4, 2, 1),
(2113, 30, NULL, 2, 12.5, 14, 3, 2, 1),
(2114, 30, NULL, 2, 12.5, 14, 4, 2, 1),
(2115, 37, NULL, 1, 10, 11, 3, 2, 1),
(2116, 37, NULL, 1, 10, 11, 4, 2, 1),
(2117, 38, NULL, 2, 9.5, 11, 3, 2, 1),
(2118, 38, NULL, 2, 9.5, 11, 4, 2, 1),
(2119, 41, NULL, 2, 13.5, 15, 3, 2, 1),
(2120, 41, NULL, 2, 13.5, 15, 4, 2, 1),
(2121, 42, NULL, 1, 15, 16, 3, 2, 1),
(2122, 42, NULL, 1, 15, 16, 4, 2, 1),
(2123, 21, NULL, 1, 14, 15, 3, 2, 1),
(2124, 21, NULL, 1, 14, 15, 4, 2, 1),
(2125, 22, NULL, 1, 8, 9, 3, 2, 1),
(2126, 22, NULL, 1, 8, 9, 4, 2, 1),
(2127, 52, NULL, 8, 8, 10, 3, 2, 1),
(2128, 52, NULL, 8, 8, 10, 4, 2, 1),
(2129, 31, NULL, 10, 12, 14, 3, 2, 1),
(2130, 31, NULL, 10, 12, 14, 4, 2, 1),
(2131, 32, NULL, 9, 10, 12, 3, 2, 1),
(2132, 32, NULL, 9, 10, 12, 4, 2, 1),
(2133, 51, NULL, 10, 8, 10, 3, 2, 1),
(2134, 51, NULL, 10, 8, 10, 4, 2, 1),
(2135, 35, NULL, 7, 14, 16, 3, 2, 1),
(2136, 35, NULL, 7, 14, 16, 4, 2, 1),
(2137, 36, NULL, 6, 9, 11, 3, 2, 1),
(2138, 36, NULL, 6, 9, 11, 4, 2, 1),
(2139, 24, NULL, 6, 12, 14, 3, 2, 1),
(2140, 24, NULL, 6, 12, 14, 4, 2, 1),
(2141, 23, NULL, 6, 8, 10, 3, 2, 1),
(2142, 23, NULL, 6, 8, 10, 4, 2, 1),
(2143, 49, NULL, 8, 12, 14, 3, 2, 1),
(2144, 49, NULL, 8, 12, 14, 4, 2, 1),
(2145, 28, NULL, 6, 13, 15, 3, 2, 1),
(2146, 28, NULL, 6, 13, 15, 4, 2, 1),
(2147, 27, NULL, 10, 14, 16, 3, 2, 1),
(2148, 27, NULL, 10, 14, 16, 4, 2, 1),
(2149, 47, NULL, 10, 9, 11, 3, 2, 1),
(2150, 47, NULL, 10, 9, 11, 4, 2, 1),
(2151, 48, NULL, 9, 14, 16, 3, 2, 1),
(2152, 48, NULL, 9, 14, 16, 4, 2, 1);

-- --------------------------------------------------------

--
-- Table structure for table `hours`
--

CREATE TABLE `hours` (
  `id` int(4) NOT NULL,
  `hour_start` time NOT NULL,
  `hour_end` time NOT NULL,
  `break` time NOT NULL
) ENGINE=InnoDB DEFAULT CHARSET=utf8;

--
-- Dumping data for table `hours`
--

INSERT INTO `hours` (`id`, `hour_start`, `hour_end`, `break`) VALUES
(1, '08:00:00', '16:00:00', '11:00:00');

-- --------------------------------------------------------

--
-- Table structure for table `levels`
--

CREATE TABLE `levels` (
  `id` int(11) NOT NULL,
  `nickName` varchar(255) NOT NULL
) ENGINE=InnoDB DEFAULT CHARSET=utf8;

--
-- Dumping data for table `levels`
--

INSERT INTO `levels` (`id`, `nickName`) VALUES
(1, 'المستوى الاول'),
(2, 'المستوى الثاني'),
(3, 'المستوى الثالث'),
(4, 'المستوى الرابع');

-- --------------------------------------------------------

--
-- Table structure for table `majors`
--

CREATE TABLE `majors` (
  `id` int(4) NOT NULL,
  `name` varchar(255) NOT NULL,
  `nickName` varchar(255) NOT NULL
) ENGINE=InnoDB DEFAULT CHARSET=utf8;

--
-- Dumping data for table `majors`
--

INSERT INTO `majors` (`id`, `name`, `nickName`) VALUES
(1, 'IT_general', 'القسم العام'),
(2, 'CS', 'علم الحاسوب'),
(3, 'SDEV', 'تطوير البرمجيات'),
(4, 'SICT', 'نظم تكنولوجيا المعلومات'),
(5, 'WDMM', 'تكنولوجيا الوسائط المتعددة و تطوير الويب'),
(6, 'MOBC', 'الحوسبة المتنقلة وتطبيقات الأجهزة الذكية');

-- --------------------------------------------------------

--
-- Table structure for table `rooms`
--

CREATE TABLE `rooms` (
  `id` int(4) NOT NULL,
  `building_id` int(4) DEFAULT NULL,
  `floor_number` int(2) DEFAULT NULL,
  `room_number` int(4) DEFAULT NULL,
  `capacity` int(4) DEFAULT NULL,
  `room_type_id` int(4) DEFAULT NULL
) ENGINE=InnoDB DEFAULT CHARSET=utf8;

--
-- Dumping data for table `rooms`
--

INSERT INTO `rooms` (`id`, `building_id`, `floor_number`, `room_number`, `capacity`, `room_type_id`) VALUES
(1, 1, 3, 18, 25, 1),
(2, 2, 2, 3, 100, 2);

-- --------------------------------------------------------

--
-- Table structure for table `rooms_ specialization`
--

CREATE TABLE `rooms_ specialization` (
  `id` int(4) NOT NULL,
  `specialization` varchar(255) NOT NULL,
  `tools` varchar(255) NOT NULL
) ENGINE=InnoDB DEFAULT CHARSET=utf8;

--
-- Dumping data for table `rooms_ specialization`
--

INSERT INTO `rooms_ specialization` (`id`, `specialization`, `tools`) VALUES
(1, 'Dell', 'Dell Laptops '),
(2, 'مكاتب', 'LCD,computer');

-- --------------------------------------------------------

--
-- Table structure for table `rooms_types`
--

CREATE TABLE `rooms_types` (
  `id` int(4) NOT NULL,
  `studing_type` varchar(255) NOT NULL,
  `gender_type` tinyint(1) NOT NULL,
  `specialization_id` int(4) NOT NULL
) ENGINE=InnoDB DEFAULT CHARSET=utf8;

--
-- Dumping data for table `rooms_types`
--

INSERT INTO `rooms_types` (`id`, `studing_type`, `gender_type`, `specialization_id`) VALUES
(1, 'عملي', 3, 1),
(2, 'نظري', 1, 2);

-- --------------------------------------------------------

--
-- Table structure for table `sections`
--

CREATE TABLE `sections` (
  `id` int(5) NOT NULL,
  `course_id` int(4) DEFAULT NULL,
  `major_id` int(4) DEFAULT NULL,
  `teacher_id` int(4) DEFAULT NULL,
  `gender_type` char(1) DEFAULT NULL,
  `section_number` int(4) DEFAULT NULL,
  `size` int(4) DEFAULT NULL
) ENGINE=InnoDB DEFAULT CHARSET=utf8;

--
-- Dumping data for table `sections`
--

INSERT INTO `sections` (`id`, `course_id`, `major_id`, `teacher_id`, `gender_type`, `section_number`, `size`) VALUES
(1, 3, 1, 5, '1', 101, 100),
(2, 3, 1, 5, '2', 201, 50),
(3, 5, 1, 1, '1', 101, 50),
(4, 5, 1, 1, '1', 102, 50),
(5, 5, 1, 1, '2', 201, 50),
(6, 7, 1, 4, '1', 101, 50),
(7, 7, 1, 4, '1', 102, 50),
(8, 7, 1, 4, '2', 201, 50),
(9, 4, 1, 7, '1', 101, 25),
(10, 4, 1, 7, '1', 102, 25),
(11, 4, 1, 7, '1', 103, 25),
(12, 4, 1, 7, '1', 104, 25),
(13, 4, 1, 7, '2', 201, 25),
(14, 4, 1, 7, '2', 202, 25),
(15, 6, 1, 8, '1', 101, 25),
(16, 6, 1, 8, '1', 102, 25),
(17, 6, 1, 8, '1', 103, 25),
(18, 6, 1, 8, '1', 104, 25),
(19, 6, 1, 8, '2', 201, 25),
(20, 6, 1, 8, '2', 202, 25),
(21, 14, 2, 1, '1', 101, 100),
(22, 14, 2, 1, '2', 201, 50),
(23, 15, 2, 7, '1', 101, 25),
(24, 15, 2, 7, '1', 102, 25),
(27, 15, 2, 7, '2', 201, 25),
(28, 15, 2, 7, '2', 202, 25),
(29, 13, 2, 1, '1', 101, 100),
(30, 13, 2, 1, '2', 201, 50),
(31, 17, 2, 7, '1', 101, 25),
(32, 17, 2, 7, '1', 102, 25),
(35, 17, 2, 7, '2', 201, 25),
(36, 17, 2, 7, '2', 202, 25),
(37, 12, 2, 2, '1', 101, 100),
(38, 12, 2, 2, '2', 201, 50),
(39, 16, 2, 3, '1', 101, 100),
(40, 16, 2, 3, '2', 201, 50),
(41, 18, 2, 4, '1', 101, 100),
(42, 18, 2, 4, '2', 201, 50),
(43, 19, 2, 7, '1', 101, 25),
(44, 19, 2, 7, '1', 102, 25),
(47, 19, 2, 7, '2', 201, 25),
(48, 19, 2, 7, '2', 202, 25),
(49, 15, 2, 7, '1', 103, 25),
(50, 15, 2, 7, '1', 104, 25),
(51, 17, 2, 7, '1', 103, 25),
(52, 17, 2, 7, '1', 104, 25),
(53, 19, 2, 7, '1', 103, 25),
(54, 19, 2, 7, '1', 104, 25),
(55, 3, 1, 1, '1', 101, 100),
(56, 44, 1, 1, '1', 102, 20),
(57, 13, 2, 3, '1', 101, 110),
(58, 2, 2, 6, '2', 202, 10),
(59, 1, 1, 1, '1', 110, 100);

-- --------------------------------------------------------

--
-- Table structure for table `studytimes`
--

CREATE TABLE `studytimes` (
  `id` int(3) NOT NULL,
  `day_id` int(11) DEFAULT NULL,
  `start` double NOT NULL,
  `end` double NOT NULL,
  `timeslot_id` int(11) DEFAULT NULL
) ENGINE=InnoDB DEFAULT CHARSET=utf8;

--
-- Dumping data for table `studytimes`
--

INSERT INTO `studytimes` (`id`, `day_id`, `start`, `end`, `timeslot_id`) VALUES
(1, 1, 8, 9, 1),
(2, 1, 9, 10, 1),
(3, 1, 10, 11, 1),
(4, 1, 12, 13, 1),
(5, 1, 13, 14, 1),
(6, 1, 14, 15, 1),
(7, 1, 15, 16, 1),
(8, 1, 8, 10, 3),
(9, 1, 9, 11, 3),
(10, 1, 10, 12, 3),
(11, 1, 12, 14, 3),
(12, 1, 14, 16, 3),
(13, 2, 8, 9.5, 2),
(14, 2, 9.5, 11, 2),
(15, 2, 12.5, 14, 2),
(16, 2, 13.5, 15, 2),
(17, 2, 8, 9, 1),
(18, 2, 9, 10, 1),
(19, 2, 10, 11, 1),
(20, 2, 12, 13, 1),
(21, 2, 13, 14, 1),
(22, 2, 14, 15, 1),
(23, 2, 15, 16, 1),
(24, 2, 8, 10, 3),
(26, 2, 10, 12, 3),
(29, 2, 14, 16, 3),
(30, 3, 8, 9, 1),
(31, 3, 9, 10, 1),
(32, 3, 10, 11, 1),
(33, 3, 12, 13, 1),
(34, 3, 13, 14, 1),
(35, 3, 14, 15, 1),
(36, 3, 15, 16, 1),
(37, 3, 8, 10, 3),
(38, 3, 9, 11, 3),
(39, 3, 10, 12, 3),
(40, 3, 12, 14, 3),
(41, 3, 14, 16, 3),
(42, 5, 8, 9, 1),
(43, 5, 9, 10, 1),
(44, 5, 10, 11, 1),
(45, 5, 12, 13, 1),
(46, 5, 13, 14, 1),
(47, 5, 14, 15, 1),
(48, 5, 15, 16, 1),
(49, 5, 8, 10, 3),
(50, 5, 9, 11, 3),
(51, 5, 10, 12, 3),
(52, 5, 12, 14, 3),
(53, 5, 14, 16, 3),
(54, 4, 8, 9, 1),
(55, 4, 9, 10, 1),
(56, 4, 10, 11, 1),
(57, 4, 12, 13, 1),
(58, 4, 13, 14, 1),
(59, 4, 14, 15, 1),
(60, 4, 15, 16, 1),
(61, 4, 8, 10, 3),
(63, 4, 10, 12, 3),
(65, 4, 14, 16, 3),
(66, 4, 8, 9.5, 2),
(67, 4, 9.5, 11, 2),
(68, 4, 12.5, 14, 2),
(69, 4, 13.5, 15, 2),
(71, 1, 13, 15, 3),
(76, 5, 13, 15, 3),
(77, 3, 13, 15, 3),
(78, 2, 12, 14, 3),
(79, 4, 12, 14, 3);

-- --------------------------------------------------------

--
-- Table structure for table `teachers`
--

CREATE TABLE `teachers` (
  `id` int(4) NOT NULL,
  `name` varchar(255) NOT NULL,
  `houres` int(3) DEFAULT NULL
) ENGINE=InnoDB DEFAULT CHARSET=utf8;

--
-- Dumping data for table `teachers`
--

INSERT INTO `teachers` (`id`, `name`, `houres`) VALUES
(1, 'باسم عمر العجلة', NULL),
(2, 'أشرف المغاري', NULL),
(3, 'عبد الكريم الأشقر', NULL),
(4, 'وائل السراج', NULL),
(5, 'كريم مهدي', NULL),
(6, 'معتز سعد', NULL),
(7, 'محمد الكرش', NULL),
(8, 'محمد الأغا', NULL);

-- --------------------------------------------------------

--
-- Table structure for table `timeslots`
--

CREATE TABLE `timeslots` (
  `id` int(4) NOT NULL,
  `period` float NOT NULL
) ENGINE=InnoDB DEFAULT CHARSET=utf8;

--
-- Dumping data for table `timeslots`
--

INSERT INTO `timeslots` (`id`, `period`) VALUES
(1, 1),
(2, 1.5),
(3, 2),
(4, 0);

-- --------------------------------------------------------

--
-- Table structure for table `timeslots_days`
--

CREATE TABLE `timeslots_days` (
  `id` int(4) NOT NULL,
  `timeslot_id` int(4) DEFAULT NULL,
  `day_id_o` int(4) DEFAULT NULL,
  `day_id_t` int(4) DEFAULT NULL,
  `day_id_th` int(4) DEFAULT NULL,
  `day_id_f` int(4) DEFAULT NULL,
  `day_id_fi` int(4) DEFAULT NULL
) ENGINE=InnoDB DEFAULT CHARSET=utf8;

--
-- Dumping data for table `timeslots_days`
--

INSERT INTO `timeslots_days` (`id`, `timeslot_id`, `day_id_o`, `day_id_t`, `day_id_th`, `day_id_f`, `day_id_fi`) VALUES
(1, 1, 1, 3, 5, 8, 8),
(2, 2, 2, 4, 8, 8, 8),
(3, 1, 1, 3, 8, 8, 8),
(4, 1, 1, 5, 8, 8, 8),
(5, 1, 3, 5, 8, 8, 8),
(6, 3, 1, 8, 8, 8, 8),
(7, 3, 2, 8, 8, 8, 8),
(8, 3, 3, 8, 8, 8, 8),
(9, 3, 4, 8, 8, 8, 8),
(10, 3, 5, 8, 8, 8, 8),
(12, 1, 1, 8, 8, 8, 8),
(13, 1, 2, 8, 8, 8, 8),
(14, 1, 3, 8, 8, 8, 8),
(15, 1, 4, 8, 8, 8, 8),
(16, 1, 5, 8, 8, 8, 8),
(17, 4, 8, 8, 8, 8, 8);

-- --------------------------------------------------------

--
-- Table structure for table `users`
--

CREATE TABLE `users` (
  `id` int(11) NOT NULL,
  `username` varchar(255) NOT NULL,
  `password` varchar(10) NOT NULL
) ENGINE=InnoDB DEFAULT CHARSET=utf8;

--
-- Indexes for dumped tables
--

--
-- Indexes for table `buildings`
--
ALTER TABLE `buildings`
  ADD PRIMARY KEY (`id`);

--
-- Indexes for table `courses`
--
ALTER TABLE `courses`
  ADD PRIMARY KEY (`id`),
  ADD UNIQUE KEY `course_number` (`course_number`),
  ADD KEY `major_id` (`major_id`);

--
-- Indexes for table `courses_majors`
--
ALTER TABLE `courses_majors`
  ADD PRIMARY KEY (`id`),
  ADD KEY `course_id` (`course_id`),
  ADD KEY `major_id` (`major_id`);

--
-- Indexes for table `days`
--
ALTER TABLE `days`
  ADD PRIMARY KEY (`id`);

--
-- Indexes for table `final_table`
--
ALTER TABLE `final_table`
  ADD PRIMARY KEY (`id`),
  ADD KEY `final_table_ibfk_1` (`section_id`),
  ADD KEY `final_table_ibfk_2` (`room_id`),
  ADD KEY `final_table_ibfk_3` (`timeslots_day_id`);

--
-- Indexes for table `hours`
--
ALTER TABLE `hours`
  ADD PRIMARY KEY (`id`);

--
-- Indexes for table `levels`
--
ALTER TABLE `levels`
  ADD PRIMARY KEY (`id`);

--
-- Indexes for table `majors`
--
ALTER TABLE `majors`
  ADD PRIMARY KEY (`id`);

--
-- Indexes for table `rooms`
--
ALTER TABLE `rooms`
  ADD PRIMARY KEY (`id`),
  ADD KEY `building_id` (`building_id`),
  ADD KEY `room_type_id` (`room_type_id`);

--
-- Indexes for table `rooms_ specialization`
--
ALTER TABLE `rooms_ specialization`
  ADD PRIMARY KEY (`id`);

--
-- Indexes for table `rooms_types`
--
ALTER TABLE `rooms_types`
  ADD PRIMARY KEY (`id`),
  ADD KEY `specialization_id` (`specialization_id`);

--
-- Indexes for table `sections`
--
ALTER TABLE `sections`
  ADD PRIMARY KEY (`id`),
  ADD KEY `sections_ibfk_1` (`course_id`),
  ADD KEY `sections_ibfk_2` (`teacher_id`),
  ADD KEY `sections_ibfk_3` (`major_id`);

--
-- Indexes for table `studytimes`
--
ALTER TABLE `studytimes`
  ADD PRIMARY KEY (`id`),
  ADD KEY `day_id` (`day_id`),
  ADD KEY `timeslot_id` (`timeslot_id`);

--
-- Indexes for table `teachers`
--
ALTER TABLE `teachers`
  ADD PRIMARY KEY (`id`);

--
-- Indexes for table `timeslots`
--
ALTER TABLE `timeslots`
  ADD PRIMARY KEY (`id`);

--
-- Indexes for table `timeslots_days`
--
ALTER TABLE `timeslots_days`
  ADD PRIMARY KEY (`id`),
  ADD KEY `timeslot_id` (`timeslot_id`),
  ADD KEY `timeslots_days_ibfk_2` (`day_id_o`),
  ADD KEY `day_id_t` (`day_id_t`),
  ADD KEY `day_id_th` (`day_id_th`),
  ADD KEY `day_id_fi` (`day_id_fi`),
  ADD KEY `day_id_f` (`day_id_f`);

--
-- Indexes for table `users`
--
ALTER TABLE `users`
  ADD PRIMARY KEY (`id`);

--
-- AUTO_INCREMENT for dumped tables
--

--
-- AUTO_INCREMENT for table `buildings`
--
ALTER TABLE `buildings`
  MODIFY `id` int(4) NOT NULL AUTO_INCREMENT, AUTO_INCREMENT=3;

--
-- AUTO_INCREMENT for table `courses`
--
ALTER TABLE `courses`
  MODIFY `id` int(4) NOT NULL AUTO_INCREMENT, AUTO_INCREMENT=141;

--
-- AUTO_INCREMENT for table `courses_majors`
--
ALTER TABLE `courses_majors`
  MODIFY `id` int(11) NOT NULL AUTO_INCREMENT, AUTO_INCREMENT=35;

--
-- AUTO_INCREMENT for table `days`
--
ALTER TABLE `days`
  MODIFY `id` int(11) NOT NULL AUTO_INCREMENT, AUTO_INCREMENT=9;

--
-- AUTO_INCREMENT for table `final_table`
--
ALTER TABLE `final_table`
  MODIFY `id` int(4) NOT NULL AUTO_INCREMENT, AUTO_INCREMENT=2153;

--
-- AUTO_INCREMENT for table `hours`
--
ALTER TABLE `hours`
  MODIFY `id` int(4) NOT NULL AUTO_INCREMENT, AUTO_INCREMENT=2;

--
-- AUTO_INCREMENT for table `majors`
--
ALTER TABLE `majors`
  MODIFY `id` int(4) NOT NULL AUTO_INCREMENT, AUTO_INCREMENT=7;

--
-- AUTO_INCREMENT for table `rooms`
--
ALTER TABLE `rooms`
  MODIFY `id` int(4) NOT NULL AUTO_INCREMENT, AUTO_INCREMENT=3;

--
-- AUTO_INCREMENT for table `rooms_ specialization`
--
ALTER TABLE `rooms_ specialization`
  MODIFY `id` int(4) NOT NULL AUTO_INCREMENT, AUTO_INCREMENT=3;

--
-- AUTO_INCREMENT for table `rooms_types`
--
ALTER TABLE `rooms_types`
  MODIFY `id` int(4) NOT NULL AUTO_INCREMENT, AUTO_INCREMENT=3;

--
-- AUTO_INCREMENT for table `sections`
--
ALTER TABLE `sections`
  MODIFY `id` int(5) NOT NULL AUTO_INCREMENT, AUTO_INCREMENT=60;

--
-- AUTO_INCREMENT for table `studytimes`
--
ALTER TABLE `studytimes`
  MODIFY `id` int(3) NOT NULL AUTO_INCREMENT, AUTO_INCREMENT=80;

--
-- AUTO_INCREMENT for table `teachers`
--
ALTER TABLE `teachers`
  MODIFY `id` int(4) NOT NULL AUTO_INCREMENT, AUTO_INCREMENT=9;

--
-- AUTO_INCREMENT for table `timeslots`
--
ALTER TABLE `timeslots`
  MODIFY `id` int(4) NOT NULL AUTO_INCREMENT, AUTO_INCREMENT=5;

--
-- AUTO_INCREMENT for table `timeslots_days`
--
ALTER TABLE `timeslots_days`
  MODIFY `id` int(4) NOT NULL AUTO_INCREMENT, AUTO_INCREMENT=18;

--
-- AUTO_INCREMENT for table `users`
--
ALTER TABLE `users`
  MODIFY `id` int(11) NOT NULL AUTO_INCREMENT;

--
-- Constraints for dumped tables
--

--
-- Constraints for table `courses`
--
ALTER TABLE `courses`
  ADD CONSTRAINT `courses_ibfk_1` FOREIGN KEY (`major_id`) REFERENCES `majors` (`id`) ON DELETE SET NULL ON UPDATE SET NULL;

--
-- Constraints for table `courses_majors`
--
ALTER TABLE `courses_majors`
  ADD CONSTRAINT `courses_majors_ibfk_1` FOREIGN KEY (`course_id`) REFERENCES `courses` (`id`),
  ADD CONSTRAINT `courses_majors_ibfk_2` FOREIGN KEY (`major_id`) REFERENCES `majors` (`id`);

--
-- Constraints for table `final_table`
--
ALTER TABLE `final_table`
  ADD CONSTRAINT `final_table_ibfk_1` FOREIGN KEY (`section_id`) REFERENCES `sections` (`id`) ON DELETE SET NULL ON UPDATE SET NULL,
  ADD CONSTRAINT `final_table_ibfk_2` FOREIGN KEY (`room_id`) REFERENCES `rooms` (`id`) ON DELETE SET NULL ON UPDATE SET NULL,
  ADD CONSTRAINT `final_table_ibfk_3` FOREIGN KEY (`timeslots_day_id`) REFERENCES `timeslots_days` (`id`) ON DELETE SET NULL ON UPDATE SET NULL;

--
-- Constraints for table `rooms`
--
ALTER TABLE `rooms`
  ADD CONSTRAINT `rooms_ibfk_1` FOREIGN KEY (`building_id`) REFERENCES `buildings` (`id`),
  ADD CONSTRAINT `rooms_ibfk_2` FOREIGN KEY (`room_type_id`) REFERENCES `rooms_types` (`id`);

--
-- Constraints for table `rooms_types`
--
ALTER TABLE `rooms_types`
  ADD CONSTRAINT `rooms_types_ibfk_1` FOREIGN KEY (`specialization_id`) REFERENCES `rooms_ specialization` (`id`);

--
-- Constraints for table `sections`
--
ALTER TABLE `sections`
  ADD CONSTRAINT `sections_ibfk_1` FOREIGN KEY (`course_id`) REFERENCES `courses` (`id`) ON DELETE NO ACTION,
  ADD CONSTRAINT `sections_ibfk_2` FOREIGN KEY (`teacher_id`) REFERENCES `teachers` (`id`) ON DELETE NO ACTION,
  ADD CONSTRAINT `sections_ibfk_3` FOREIGN KEY (`major_id`) REFERENCES `majors` (`id`) ON DELETE NO ACTION;

--
-- Constraints for table `studytimes`
--
ALTER TABLE `studytimes`
  ADD CONSTRAINT `studytimes_ibfk_1` FOREIGN KEY (`day_id`) REFERENCES `days` (`id`) ON DELETE SET NULL ON UPDATE SET NULL,
  ADD CONSTRAINT `studytimes_ibfk_2` FOREIGN KEY (`timeslot_id`) REFERENCES `timeslots` (`id`) ON DELETE SET NULL ON UPDATE SET NULL;

--
-- Constraints for table `timeslots_days`
--
ALTER TABLE `timeslots_days`
  ADD CONSTRAINT `timeslots_days_ibfk_1` FOREIGN KEY (`timeslot_id`) REFERENCES `timeslots` (`id`),
  ADD CONSTRAINT `timeslots_days_ibfk_2` FOREIGN KEY (`day_id_o`) REFERENCES `days` (`id`),
  ADD CONSTRAINT `timeslots_days_ibfk_3` FOREIGN KEY (`day_id_t`) REFERENCES `days` (`id`),
  ADD CONSTRAINT `timeslots_days_ibfk_4` FOREIGN KEY (`day_id_th`) REFERENCES `days` (`id`),
  ADD CONSTRAINT `timeslots_days_ibfk_5` FOREIGN KEY (`day_id_fi`) REFERENCES `days` (`id`),
  ADD CONSTRAINT `timeslots_days_ibfk_6` FOREIGN KEY (`day_id_f`) REFERENCES `days` (`id`);
COMMIT;

/*!40101 SET CHARACTER_SET_CLIENT=@OLD_CHARACTER_SET_CLIENT */;
/*!40101 SET CHARACTER_SET_RESULTS=@OLD_CHARACTER_SET_RESULTS */;
/*!40101 SET COLLATION_CONNECTION=@OLD_COLLATION_CONNECTION */;
